-- phpMyAdmin SQL Dump
-- version 4.7.4
-- https://www.phpmyadmin.net/
--
-- Hôte : 127.0.0.1:3306
-- Généré le :  ven. 20 juil. 2018 à 08:12
-- Version du serveur :  5.7.19
-- Version de PHP :  7.0.23

SET SQL_MODE = "NO_AUTO_VALUE_ON_ZERO";
SET AUTOCOMMIT = 0;
START TRANSACTION;
SET time_zone = "+00:00";


/*!40101 SET @OLD_CHARACTER_SET_CLIENT=@@CHARACTER_SET_CLIENT */;
/*!40101 SET @OLD_CHARACTER_SET_RESULTS=@@CHARACTER_SET_RESULTS */;
/*!40101 SET @OLD_COLLATION_CONNECTION=@@COLLATION_CONNECTION */;
/*!40101 SET NAMES utf8mb4 */;

--
-- Base de données :  `timsoft`
--

-- --------------------------------------------------------

--
-- Structure de la table `client`
--

DROP TABLE IF EXISTS `client`;
CREATE TABLE IF NOT EXISTS `client` (
  `id` int(11) NOT NULL AUTO_INCREMENT,
  `RaisonSociale` varchar(255) COLLATE utf8_unicode_ci NOT NULL,
  `PaysClient` varchar(255) COLLATE utf8_unicode_ci DEFAULT NULL,
  `AdresseClient` varchar(255) COLLATE utf8_unicode_ci DEFAULT NULL,
  `VilleClient` varchar(255) COLLATE utf8_unicode_ci DEFAULT NULL,
  `CodePostalClient` int(11) DEFAULT NULL,
  `Telephone` varchar(30) COLLATE utf8_unicode_ci DEFAULT NULL,
  `FaxClient` varchar(30) COLLATE utf8_unicode_ci DEFAULT NULL,
  `AdresseMailClient` varchar(100) COLLATE utf8_unicode_ci DEFAULT NULL,
  `DateAdhesionClient` date NOT NULL,
  `CodeClient` int(11) NOT NULL,
  `societe_mere_id` int(11) DEFAULT NULL,
  PRIMARY KEY (`id`),
  UNIQUE KEY `UNIQ_C7440455E9D8F763` (`CodeClient`),
  KEY `IDX_C7440455FC18498D` (`societe_mere_id`)
) ENGINE=InnoDB AUTO_INCREMENT=802 DEFAULT CHARSET=utf8 COLLATE=utf8_unicode_ci;

--
-- Déchargement des données de la table `client`
--

INSERT INTO `client` (`id`, `RaisonSociale`, `PaysClient`, `AdresseClient`, `VilleClient`, `CodePostalClient`, `Telephone`, `FaxClient`, `AdresseMailClient`, `DateAdhesionClient`, `CodeClient`, `societe_mere_id`) VALUES
(1, 'TimSoft', 'TN', 'El Manar II', 'Tunis', 2092, '71860870', '71860870', 'contacts@timsoft.com.tn', '2018-03-12', 123, NULL),
(414, 'ABISSE SAS', 'TN', 'FRANCE', 'Manar', 69279, '00333555666', '71565854', 'ajouter@yahoo.fr', '2018-03-14', 412481, NULL),
(415, 'ACCOUNTING ADVISORS', 'TUNISIE', 'LES BERGES DU LAC', '', 1000, '71961875', NULL, 'moez.kaaniche@a-advisors.com', '2018-03-14', 411063, NULL),
(416, 'ADEM DESIGN', 'TUNISIE', 'HABIB BOURGUIBA', '', 8100, '78 888888', NULL, '', '2018-03-14', 411359, NULL),
(417, 'AGENCE DE PROTECTION ET D\'AMÉNAGEME', 'TUNISIE', '2,RUE MOHAMED RACHID RIDHA', 'TUNIS', 1002, '71 84 86 60', NULL, 'info@apal.nat.tn', '2018-03-14', 411323, NULL),
(418, 'AGOCEAN', 'TUNISIE', '26 A CHEMIN CAVANE', 'ETRANGER', 97419, '99999999', NULL, '', '2018-03-14', 412333, NULL),
(419, 'AGRICOLE EL BARAKA', 'TUNISIE', 'GP1 KM34 SAMMACH 8030-GROMBALIA T', 'NABEUL', 8030, '72 211 755', NULL, 'feressellami@taissir.com', '2018-03-14', 411147, NULL),
(420, 'AGRICOLE ESSANIA', 'TUNISIE', 'Z.I M\'GHIRA 2-FOUCHANA', '', 2082, '79 408 238', NULL, '', '2018-03-14', 411347, NULL),
(421, 'AGRICOLE TAISSIR', 'TUNISIE', 'GROMBALIA', '', 8030, '72215140', NULL, '', '2018-03-14', 411148, NULL),
(423, 'ALL MEDIA', 'TUNISIE', '91 AVENU HEDI CHAKER', 'TUNIS', 1002, '71 892 800', NULL, 'all.media@topnet.tn', '2018-03-14', 412544, NULL),
(424, 'ALLUANCE DIFFUSION', 'TUNISIE', '100 AV HEDI NOUIRA RESIDENCE ESSIA', '', 2080, '74870247', NULL, 'ilyes.zouari@topnet.tn', '2018-03-14', 411002, NULL),
(425, 'ALLURE DIFFUSION', 'TUNISIE', 'TUNIS', '', 1013, '999999999', NULL, '', '2018-03-14', 412485, NULL),
(426, 'ALYA DISTRIBUTION', 'TUNISIE', 'IMMEUBLE BEN SASSI', 'ARIANA', 1053, '71964213', NULL, '', '2018-03-14', 412583, NULL),
(427, 'AMAZONE', 'TUNISIE', 'ZI,KSAR SAID', '', 2009, '99999', NULL, 'farouk.khoufi@gmail.com', '2018-03-14', 411829, NULL),
(428, 'AMBIANCE DECO', 'TUNISIE', 'CENTRE URB NORD IMM NOUR CITE', '', 1000, '71390400', NULL, 'aziz.darghouth@planet.tn', '2018-03-14', 411012, NULL),
(429, 'AMEN LEASE', 'TUNISIE', 'TUNIS-BELVEDERE', '', 1002, '71842425', NULL, 'cyrine_hafaiedh@int.aon.nl', '2018-03-14', 411150, NULL),
(430, 'ANIS ROULEMENT', 'TUNISIE', 'KAIROUAN', '', 1000, '77305189', NULL, 'anisroulement@yahoo.fr', '2018-03-14', 411064, NULL),
(431, 'AON SOCARGEST TUNISIA', 'TUNISIE', 'NOUVELLE ARIANA', '', 2080, '71706967', NULL, 'cyrine_hafaiedh@int.aon.nl', '2018-03-14', 411151, NULL),
(432, 'ARA ENTREPRISE', 'TUNISIE', 'TEHRAN', '', 9183, '0000000', NULL, '', '2018-03-14', 411709, NULL),
(433, 'ARAMYS DIFFUSION', 'TUNISIE', 'RUE 6828 ZI IBN KHALDOUN', '', 2042, '71 280  570', NULL, 'mohamed.belloum@magassur.com.tn', '2018-03-14', 411152, NULL),
(434, 'AREX', 'TUNISIE', 'RUE 6828', '', 2062, '71 923 300', NULL, '', '2018-03-14', 411353, NULL),
(435, 'ARKEA', 'TUNISIE', '7 RUE DE L\'IMPRIMERIE', '', 2086, '70661777', NULL, '', '2018-03-14', 411057, NULL),
(436, 'ARTINOX', 'TUNISIE', 'LA CHARGUIA TUNIS', '', 1000, '71773706', NULL, 'artinox@gnet.tn', '2018-03-14', 411066, NULL),
(437, 'ASA', 'TUNISIE', '', '', 9183, 'zszs', NULL, '', '2018-03-14', 411731, NULL),
(438, 'ASSURANCE MAGHREBIA', 'TUNISIE', 'TUNIS-BELVEDERE', '', 1002, '71788800', NULL, '', '2018-03-14', 411153, NULL),
(439, 'ASSURANCE SELIM', 'TUNISIE', 'TUNIS-BELVEDERE', '', 1000, '71900900', NULL, 'ass.salim@planet.tn', '2018-03-14', 411067, NULL),
(440, 'ATLAS AGRICOLE', 'TUNISIE', 'JEBEL EL OUST ZAGHOUAN', '', 1000, '72640296', NULL, '', '2018-03-14', 411058, NULL),
(441, 'ATSC', 'TUNISIE', 'TAZARKA', '', 1000, '72234116', NULL, '', '2018-03-14', 411009, NULL),
(442, 'AVEA SERVICES', 'TUNISIE', '13 RUE DE LA LOIRE', '', 44234, '+33 (0) 820 202 260', NULL, '', '2018-03-14', 412647, NULL),
(443, 'AVO CARBON FRANCE', 'TUNISIE', '9,RUE DES IMPRIMEURS', '', 86000, '0000000000', NULL, '', '2018-03-14', 412585, NULL),
(444, 'AYMEN CHIHI', 'TUNISIE', 'YASSMINET BEN AROUS', '', 2013, '28 224 045', NULL, '', '2018-03-14', 412555, NULL),
(445, 'AYMEN MODE 1', 'TUNISIE', 'SFAX', '', 3000, '74 666 666', NULL, '', '2018-03-14', 411888, NULL),
(446, 'AYMEN MODE', 'TUNISIE', '227 AV HABIB BOURGUIBA', '', 3000, '+216 74 856 300', NULL, '', '2018-03-14', 412592, NULL),
(447, 'BABY MCM', 'TUNISIE', '', '', 1092, '71000000', NULL, '', '2018-03-14', 412484, NULL),
(448, 'BACOVET', 'TUNISIE', 'Z.I.BOUMERDES', '', 5110, '73620600', NULL, 's.benabdallah@gnet.tn', '2018-03-14', 411059, NULL),
(449, 'BACOVET INTERNATIONAL', 'TUNISIE', 'Z.I.BOUMERDES', '', 5110, '73620600', NULL, 's.benabdallah@gnet.tn', '2018-03-14', 411352, NULL),
(450, 'BANQUE ZITOUNA P/C TEXNOR', 'TUNISIE', 'MONPLAISIR', '', 1000, '71905806', NULL, '', '2018-03-14', 412675, NULL),
(451, 'BARELLI', 'TUNISIE', 'MANAR 2', '', 2092, '71884640', NULL, '', '2018-03-14', 411132, NULL),
(452, 'BARELLI', 'TUNISIE', 'RUE AZOUZ REBAI,RUELLE N° 3 BLOC D', '', 2092, '99999999', NULL, '', '2018-03-14', 412504, NULL),
(456, 'BH INVEST', 'TUNISIE', 'IMMEUBLE ASSURANCE SALIM 3 EME', 'TUNIS', 1001, '71848429', NULL, '', '2018-03-14', 412547, NULL),
(457, 'BIAT (SICAR AVENIR)', 'TUNISIE', 'ANGLE AVENUE HÉDI CHAKER', '', 1002, '71132028', NULL, '', '2018-03-14', 411068, NULL),
(458, 'BLEU OCEANE', 'TUNISIE', 'JEMMEL', '', 5020, '73487864', NULL, '', '2018-03-14', 411133, NULL),
(459, 'BNF', 'TUNISIE', 'ROUTE DE KORBA', '', 8014, '', NULL, 'bnftunisie@gmail.com', '2018-03-14', 412609, NULL),
(460, 'BO TECHNOLOGY', 'TUNISIE', '142 WEST 36TH STREET', 'ETRANGER', 10018, '212 967 4477', NULL, 'dtoubrinet@botechnology.com', '2018-03-14', 411728, NULL),
(461, 'BOURSE DES VALEURS MOBILIERES', 'TUNISIE', 'MONPLAISIR', '', 1002, '71793903', NULL, '', '2018-03-14', 411134, NULL),
(462, 'BURGER PAINTS', 'TUNISIE', '129 PARK STREET,KOLKATA', '', 700017, '+91 33 2229 9724', NULL, '', '2018-03-14', 412594, NULL),
(463, 'CAB ABDELMAJID DOUIRI', 'TUNISIE', 'LES BERGES DU LAC', '', 1000, '71960966', NULL, 'ami.douiri@planet.tn', '2018-03-14', 411069, NULL),
(464, 'CAB CONSEIL AUDIT FORMATION', 'TUNISIE', 'LES BERGES DU LAC', '', 1053, '71862156', NULL, '', '2018-03-14', 411135, NULL),
(465, 'CAB ERNST & YOUNG(AMC)', 'TUNISIE', 'TUNIS BELVEDERE', '', 1002, '71792922', NULL, 'h.gamra@gnet.tn', '2018-03-14', 411136, NULL),
(466, 'CAB EXACTT', 'TUNISIE', 'MONPLAISIR', '', 1000, '71902604', NULL, '', '2018-03-14', 411070, NULL),
(467, 'CAB HASSEN ESSAMAD', 'TUNISIE', 'TUNIS', '', 1000, '', NULL, '', '2018-03-14', 411071, NULL),
(468, 'CAB HOUCINE GAMRA', 'TUNISIE', 'TUNIS', '', 1001, '71333824', NULL, '', '2018-03-14', 411137, NULL),
(469, 'CAB JAMELEDDINE BEN ROMDHANE', 'TUNISIE', 'TUNIS', '', 1000, '71352395', NULL, 'jbrcabinet@gnet.tn', '2018-03-14', 411072, NULL),
(470, 'CAB KPMG', 'TUNISIE', 'TUNIS BELVEDERE', '', 1000, '71194344', NULL, 'fmbz@kpmg.com.tn', '2018-03-14', 411073, NULL),
(471, 'CAB MOHAMED ZAGUIA', 'TUNISIE', 'EL MANAR II', '', 1000, '71883753', NULL, '', '2018-03-14', 411074, NULL),
(472, 'CAB NAANAA', 'TUNISIE', 'TUNIS', '', 1000, '', NULL, '', '2018-03-14', 411026, NULL),
(473, 'CAB PRO AUDIT', 'TUNISIE', 'TUNIS-BELVEDERE', '', 1000, '71848530', NULL, 'amine.proaudit@planet.tn', '2018-03-14', 411075, NULL),
(474, 'CAB SAMI CHABRAK', 'TUNISIE', 'RUE DE KENYA', '', 1000, '71287204', NULL, '', '2018-03-14', 411076, NULL),
(475, 'CADUCEE IT', 'TUNISIE', 'CENTRE URBAIN NORD RESIDENCE', 'TUNIS', 1003, '71 948 704', NULL, 'caducee@gnet.tn', '2018-03-14', 411025, NULL),
(476, 'CAPITAL AFRICAN PARTNERS BANK', 'TUNISIE', '10 AVENUE MAHMOUD MATRI', '', 1002, '71 767 375 - 71 232 275', NULL, 'mouradsaadi2006@yahoo.fr', '2018-03-14', 411131, NULL),
(477, 'CEGID', 'TUNISIE', '52,QUAI PAUL SEDALLIAN 69279', '', 69279, '0811 884 888', NULL, '', '2018-03-14', 411333, NULL),
(478, 'CEGID IBÉRICA SLU', 'TUNISIE', 'PASEO DE LA CASTELLANA 41 BLOQUE B', '', 28046, '+34 912 99 28 00', NULL, '', '2018-03-14', 412665, NULL),
(479, 'CEGID NORTH AFRICA', 'MAROC', '1,RUE DE LA BEAUCE', '', 20000, '+212 5 22 20 18 58', NULL, '', '2018-03-14', 411356, NULL),
(480, 'CEGID UAE', 'TUNISIE', 'RAS AL KHOR,P.O.BOX', '', 1034, '+971 4 2310440', NULL, '', '2018-03-14', 412614, NULL),
(481, 'CEGID UK', 'TUNISIE', '1 COPPERHOUSE COUT,CALDECOTTE', 'ETRANGER', 0, '+44 (0) 1908 272 420', NULL, '', '2018-03-14', 411481, NULL),
(482, 'CEGID USA', 'ETATS-UNIS D\'AMERIQUE', '130 WEST 57 TH STREET', '', 10019, '-', NULL, '', '2018-03-14', 411477, NULL),
(483, 'CELINE', 'TUNISIE', 'FRANCE', '', 1000, '0000', NULL, '', '2018-03-14', 412683, NULL),
(484, 'CENTRIC SOFTWARE', 'TUNISIE', '485 ALBERTO WAY,SUITE 200', '', 95032, '+33 (0)1 70 38 52 36', NULL, '', '2018-03-14', 412563, NULL),
(485, 'CFI AFRICA', 'TUNISIE', 'SAINT GOBAIN MEGRINE', '', 1000, '71297786', NULL, 'fsaidi@cfiholding.com', '2018-03-14', 411027, NULL),
(486, 'CHICO CONFECTION', 'TUNISIE', 'RUE DE SYRIE', '', 5080, '73479076', NULL, '', '2018-03-14', 412611, NULL),
(487, 'CHOMARAT TUNISIE CONFECTION', 'TUNISIE', 'B.P N°15 GROMBALIA', '', 8030, '722 55 412', NULL, 'info.tunisie@chomarat.com', '2018-03-14', 412597, NULL),
(488, 'CHRISTINE CONFECTION', 'TUNISIE', 'ZI KSAR SAÏD 2086', 'ARIANA', 2086, '71 545 366', NULL, 'hamadi.hajtaib@gnet.tn', '2018-03-14', 411379, NULL),
(489, 'CITET', 'TUNISIE', 'CHARGUIA', '', 1000, '71206642', NULL, 'boc@citet.nat.tn', '2018-03-14', 411007, NULL),
(490, 'CITT', 'TUNISIE', 'CHARGUIA I', '', 1000, '71252951', NULL, 'Moez.dg@citt.com', '2018-03-14', 411077, NULL),
(491, 'CLIENT ET COMPTE RATTACHÉ', '', '', '', 0, '', NULL, '', '2018-03-14', 411000, NULL),
(492, 'CLLIENT COMPTE D\'ATTENTE', 'AFGHANISTAN', '', '', 0, '', NULL, '', '2018-03-14', 411999, NULL),
(493, 'CN & DISTRIBUTION', 'TUNISIE', 'CHARGUIA II 4 RUE DE L\'ARTISANAT', '', 1000, '1', NULL, 'bmoez@dixitwoman.com', '2018-03-14', 411023, NULL),
(494, 'CN & FASHION', 'TUNISIE', 'TUNIS', '', 1000, '71777257', NULL, '', '2018-03-14', 411024, NULL),
(495, 'CODUPAL', 'TUNISIE', 'BP 66 ROUTE DE GROMBALIA', '', 8021, '72 257 404', NULL, '', '2018-03-14', 412507, NULL),
(496, 'COFAGROS', 'TUNISIE', 'ANGLE VOIE', 'SOUSSE', 4000, '73 320 942-943-944', NULL, 'slimnefzaoui.cofagros@planet.tn', '2018-03-14', 411313, NULL),
(497, 'COFECTION MODERNE EL AMRA', 'TUNISIE', 'EL AMRA /SFAX', '', 0, '74257225', NULL, '', '2018-03-14', 411138, NULL),
(498, 'COLLECTION', 'TUNISIE', 'CHARGEYA', '', 1000, '0000', NULL, '', '2018-03-14', 412677, NULL),
(499, 'COLLECTION SA', 'TUNISIE', 'CHARGUIA I', 'TUNIS', 1000, '70147800', NULL, '', '2018-03-14', 412636, NULL),
(500, 'COMPAGNIE TUNISIENNE DES TECHNIQUES', 'TUNISIE', 'TUNIS', '', 1000, '71429232', NULL, 'ctte@wanadoo.tn', '2018-03-14', 411078, NULL),
(501, 'CONFECTION IDEALE DU SUD', 'TUNISIE', 'SFAX RTE SIDI MANSOUR KM 4.5', '', 3063, '74875225', NULL, 'taha.moalla@cisconfection.com', '2018-03-14', 411004, NULL),
(502, 'CONSULTING PERFORMER CARAIBES', 'COSTA RICA', 'IMM.LA VERDERIE ZI DE JARRY', '', 97122, '0590417279', NULL, '', '2018-03-14', 412494, NULL),
(503, 'COTUGRAIN', 'TUNISIE', 'Z.I SAINT GOBAIN MEGRINE 2014', 'BEN AROUS', 2014, '71 426 644', NULL, 'cotugrain@gnet.tn', '2018-03-14', 411334, NULL),
(504, 'COUPE INTER', 'TUNISIE', '', 'SOUSSE', 5012, '73525405', NULL, '', '2018-03-14', 411335, NULL),
(505, 'CREATION RAJA KHROUF', 'TUNISIE', 'IBN KHOLDOUN', 'TUNIS', 2062, '71 922 732', NULL, '', '2018-03-14', 411315, NULL),
(506, 'CRÉATION RAJA KHROUF', 'TUNISIE', 'IBN KHOULDOUN', 'TUNIS', 2062, '71922732', NULL, '', '2018-03-14', 411312, NULL),
(507, 'CROSSING', 'TUNISIE', '140 ZI MOULAY RACHID', '', 20450, '0000', NULL, '', '2018-03-14', 412661, NULL),
(508, 'CTK', 'TUNISIE', '', '', 8000, '72 286 882', NULL, '', '2018-03-14', 411144, NULL),
(509, 'CYLALIDE TUNISIE', 'TUNISIE', 'ROUTE DE SOUSSE EL M\'ANAR 5021', 'SOUSSE', 5021, '9999', NULL, '', '2018-03-14', 411014, NULL),
(510, 'DAMART', 'TUNISIE', 'HAMMAM ZRIBA ZAGHOUAN', '', 1100, '97 43 24 88/58 45 95', NULL, '', '2018-03-14', 412508, NULL),
(511, 'DAR EL H\'LOU', 'TUNISIE', 'RÉSIDENCE TEJ EL BOUHAIRA C2', 'TUNIS', 2045, '71 767 625', NULL, '', '2018-03-14', 411348, NULL),
(512, 'DECORIUM HOME', 'TUNISIE', 'AVENUE HÉDI NOUIRA', '', 3182, '71 818 901', NULL, '', '2018-03-14', 411712, NULL),
(513, 'DEMCOINTER', 'TUNISIE', '', '', 5050, '73 416 100', NULL, '', '2018-03-14', 412576, NULL),
(514, 'DENIM AUTHORITY', 'TUNISIE', 'BD DE L\'ENVIRONNEMENT', 'NABEUL', 7070, '72447064 72447094', NULL, 'leecooper.logistic@planet.tn', '2018-03-14', 412416, NULL),
(515, 'DESIGN MODE', 'TUNISIE', '34,RUE HABIB THAMEUR', '', 3000, '74 211 285', NULL, '', '2018-03-14', 411316, NULL),
(516, 'DOCKSIDER-SEBAGO', 'TUNISIE', 'ROUTE DE LA MARSA', '', 2070, '70938938', NULL, 'halim.ayadi@yahoo.fr', '2018-03-14', 411108, NULL),
(517, 'DQE SOFTWARE', 'TUNISIE', '42 RUE FORTUNY', '', 75017, '06 35 06 44 51', NULL, '', '2018-03-14', 412649, NULL),
(518, 'D\'SQUARE', 'TUNISIE', 'ROUTE SALTANIA KM 4,5', '', 3000, '74 870 247', NULL, '', '2018-03-14', 412527, NULL),
(520, 'EDITO', 'TUNISIE', '67 JUGURTA', 'TUNIS', 1082, '79 391185', NULL, '', '2018-03-14', 412459, NULL),
(521, 'EJADA', 'TUNISIE', 'RIYADH SAUDI ARABIA', '', 11534, '+966 (11) 4722277', NULL, '', '2018-03-14', 412641, NULL),
(522, 'EL FOULEDH', 'TUNISIE', 'MENZEL BOURGUIBA', '', 1000, '72464522', NULL, '', '2018-03-14', 411079, NULL),
(523, 'ELU', 'TUNISIE', 'RUE LA PERLE DU SAHEL KHEZAMA', '', 4051, '73 277 770', NULL, '', '2018-03-14', 411331, NULL),
(524, 'ENDA', 'TUNISIE', 'RUE DE L’ASSISTANCE,CITÉ', '', 1003, '71 804 002', NULL, '', '2018-03-14', 412568, NULL),
(525, 'ENERSYS', 'TUNISIE', 'ZI BEN AROUS', 'TUNIS', 2013, '79390599', NULL, '', '2018-03-14', 412557, NULL),
(526, 'EPARGNE AGRICOLE', 'TUNISIE', '34 AVENUE HABIB THAMEUR 3000 SFAX', '', 3000, '74211274', NULL, 'epargneagricole@gmail.com', '2018-03-14', 412605, NULL),
(527, 'ESSENIA', 'TUNISIE', 'FOUCHENA ZI EL MGHIRA', '', 1000, '79408238', NULL, 'medtrabelsi@cocorico-tn.com', '2018-03-14', 411003, NULL),
(528, 'ETS KHEMIR FRERES', 'TUNISIE', 'RTE MENZEL TEMIME 8070 KORBA', '', 8070, '72388200', NULL, '\'khemir-freres1@hotmail.com\'', '2018-03-14', 411882, NULL),
(529, 'ETUDES DE DEVELOPPEMENT ET SERVICE', 'TUNISIE', '40,RUE DE CARTHAGE TUNIS', '', 1001, '71999 999', NULL, '', '2018-03-14', 412493, NULL),
(530, 'EUROPE LINGERIE', 'TUNISIE', 'SIDI BOUALI', '', 4040, '73342010', NULL, 'reliure.dart@tunet.tn', '2018-03-14', 411142, NULL),
(531, 'EXIS RETAIL', 'TUNISIE', 'RUE 8603 ZI CHARGUIA 1', '', 2035, '71798479', NULL, '', '2018-03-14', 412554, NULL),
(532, 'EXO', 'TUNISIE', '', '', 4000, '9999999', NULL, '', '2018-03-14', 412559, NULL),
(533, 'EXOTICA', 'TUNISIE', 'KHEZAMA', 'SOUSSE', 4071, '98744480', NULL, '', '2018-03-14', 412558, NULL),
(534, 'EXTREM SHOES', 'TUNISIE', 'AVENUE ABOU KACEM CHEBBI IMMEUBLE', '', 3000, '22 311 320', NULL, 'contact@extrem.tn', '2018-03-14', 412528, NULL),
(535, 'FENËTRE SUR COUR', 'TUNISIE', '', '', 1001, '999999999999999999999', NULL, 'mouna.benmabrouk@graphicardtunisie.com.tn', '2018-03-14', 412545, NULL),
(536, 'FRACAMA', 'TUNISIE', 'MGHIRA', '', 2013, '99999', NULL, '', '2018-03-14', 411876, NULL),
(537, 'FREE STYLE', 'TUNISIE', 'MAHDIA', '', 5100, '74614052', NULL, '', '2018-03-14', 412506, NULL),
(538, 'GENERAL TEXTILE', 'TUNISIE', 'EL OMRANE RUE ARBI KABADI', '', 1000, '71280570', NULL, 'belhassen.gherab@aramysgroup.com\n riadh.gherab@aramysgroup.com', '2018-03-14', 411031, NULL),
(539, 'GENIE INFORMATIQUE & TELECOM', 'TUNISIE', 'IMM,SCI B.T.B BD DE LA POINTE', 'ETRANGER', 97122, '0590 38 64 24', NULL, '', '2018-03-14', 411827, NULL),
(540, 'GEORGET PRODUCTION', 'TUNISIE', '71 AVENU CHOTRANA BORJ LOUZIR', '', 2073, '70 688 211', NULL, '', '2018-03-14', 411021, NULL),
(541, 'GLACIÈRE COUBECHE', 'TUNISIE', 'AVENUE GEORGES POMPIDOU', '', 105, '+253 21 35 10 27', NULL, '', '2018-03-14', 412598, NULL),
(542, 'GLOBAL RETAIL COMPANY', 'TUNISIE', 'ROUTE SALTANIA KM 4.5 SFAX', 'SFAX', 3000, '74870247', NULL, '', '2018-03-14', 412606, NULL),
(543, 'GLOBAL RETAIL COMPANY', 'TUNISIE', 'ROUTE SALTANIA KM 4,5 SFAX', '', 3000, '74870247', NULL, '', '2018-03-14', 412607, NULL),
(544, 'GOURMANDISE', 'TUNISIE', '2083 CITÉ EL GHAZALA', 'ARIANA', 2083, '70 686 999', NULL, '', '2018-03-14', 412542, NULL),
(545, 'GUY DEGRENNE', 'TUNISIE', 'ASSIYAHIA,TRIPOLI LIBYE', '', 1000, '218913598314', NULL, 'rebecca@quadron.li', '2018-03-14', 411030, NULL),
(546, 'HABRA HOLDING CORP', 'TUNISIE', 'AOUINA CENTER AV.HABIB BOURGUIBA', '', 2045, '70 855 100', NULL, 'z.arfaoui@habraholding.com', '2018-03-14', 412536, NULL),
(547, 'HAMADI ABID', 'TUNISIE', 'ROUTE DE TENIOUR', '', 3041, '74848370', NULL, '', '2018-03-14', 411034, NULL),
(548, 'HLB GS AUDIT & ADVISORY', 'TUNISIE', 'TUNIS', '', 1000, '', NULL, '', '2018-03-14', 411032, NULL),
(549, 'HOME TEX', 'TUNISIE', 'CHARGUIA', '', 1000, '000000', NULL, '', '2018-03-14', 412626, NULL),
(550, 'IHEC SFAX', 'TUNISIE', 'ROUTE SIDI MANSOUR KM 10 B.P 43', 'SFAX', 3061, '74272970', NULL, 'ihecsf@ihecsf.rnu.tn', '2018-03-14', 411715, NULL),
(551, 'IMBERT MNIF', 'TUNISIE', 'TUNIS', '', 1000, '74290885', NULL, 'imbert.mnifnacer@tunet.tn', '2018-03-14', 411035, NULL),
(552, 'IMMOBILIERE NORD SUD', 'TUNISIE', 'LES BERGES DU LAC', '', 1000, '71860171', NULL, '', '2018-03-14', 411080, NULL),
(553, 'IMPACT COACHING', 'TUNISIE', 'RÉSIDENCE LES JASMINS', 'TUNIS', 2092, '20 431 050', NULL, 'l.chettaoui@impactcoaching-tunisia.com', '2018-03-14', 411362, NULL),
(554, 'IMPRIMERIE RELIURE D\'ART', 'TUNISIE', 'SFAX', '', 3002, '74432030', NULL, 'reliure.dart@tunet.tn', '2018-03-14', 411143, NULL),
(555, 'INCO', 'TUNISIE', 'RUE DU LAC VICTORIA,IMM.KENZET', '', 1053, '70944159 / 71 659 253', NULL, '', '2018-03-14', 411029, NULL),
(556, 'INDIGO COMPANY', 'TUNISIE', '59 RUE 8603 Z.I.CHARGUIA1', 'ARIANA', 2035, '71 809 160', NULL, '', '2018-03-14', 412654, NULL),
(557, 'INTERBRANDS', 'TUNISIE', 'IMMEUBLE TANIT BLOC B1 APPT B 122', '', 1000, '70938966', NULL, 'alia.bakir@gmail.com', '2018-03-14', 411033, NULL),
(558, 'INTERNATIONAL SCHOOL OF CARTHAGE', 'TUNISIE', 'TUNIS', '', 1000, '71942882', NULL, '', '2018-03-14', 411081, NULL),
(559, 'INVESTEX', 'TUNISIE', '59 RUE Z.I CHARGUIA 1 2035', '', 2035, '71 798 479', NULL, '', '2018-03-14', 411867, NULL),
(560, 'INVESTEX ALGERIE', 'TUNISIE', '13 RUE SIDI YAHYA BIR MOURAD', '', 16005, '0661.56.49.77', NULL, '', '2018-03-14', 411354, NULL),
(561, 'ISALYS', 'TUNISIE', 'ROUTE DE GABÈS KLM 7.5 SFAX', '', 3000, '74 68 85 82', NULL, '', '2018-03-14', 412577, NULL),
(562, 'ITT DISTRIBUTION', 'TUNISIE', 'LES BERGES DU LAC', '', 1053, '71862599', NULL, 'ahmed.guermazi@slama.com.tn', '2018-03-14', 412552, NULL),
(563, 'JOLIESSE', 'TUNISIE', 'OUED CHAABOUNI SFAX', '', 3000, '74 279 611/74 467 300', NULL, '', '2018-03-14', 412495, NULL),
(564, 'JOYFONE', 'TUNISIE', '24 LOT GASMI RTE MORNEG KM 8', '', 2013, '79328022', NULL, '', '2018-03-14', 412589, NULL),
(565, 'JVTU - KEP ELECTRONICS SYSTÈME TUNI', 'TUNISIE', 'MGHIRA', '', 1000, '79408453', NULL, '', '2018-03-14', 411022, NULL),
(566, 'K&B ADVISORY', 'TUNISIE', 'TUNIS', '', 1000, '71 288 794', NULL, '', '2018-03-14', 411082, NULL),
(567, 'KAMY', 'TUNISIE', 'Z.I BP 15 8000 NABEUL,TUNISIE', '', 8000, '72 223 253/72 286 882', NULL, 'kamy@planet.tn', '2018-03-14', 411526, NULL),
(568, 'KMK S.A.R.L', 'TUNISIE', 'RUE 8601 CHARGUIA 1', '', 2080, '71798479', NULL, 'rafa@planet.tn', '2018-03-14', 411038, NULL),
(569, 'KOUNOUZ EDITIONS', 'TUNISIE', 'NABEUL', '', 8000, '72223822', NULL, 'ghassen.maalej@gnet.tn', '2018-03-14', 412561, NULL),
(570, 'KTATA FEKER', 'TUNISIE', 'ROUTE DE MAHDIA KM 7', '', 3011, '74 294 124', NULL, '', '2018-03-14', 411721, NULL),
(571, 'KWA CAFÉ', 'TUNISIE', 'RUE YOUGOURTHA', '', 1082, '20 290 378', NULL, '', '2018-03-14', 412496, NULL),
(572, 'LA NOUVELLE BACOVET', 'TUNISIE', 'TUNISIE', '', 5110, '73620233', NULL, '(htrabelsi@topnet.tn/TRABELSI@GMAIL.COM', '2018-03-14', 411123, NULL),
(573, 'LA SCARFA', 'TUNISIE', 'TUNISIE', 'TUNIS', 1000, '', NULL, '', '2018-03-14', 412672, NULL),
(574, 'LA TUN DES ENERGIES RENOUVELABLES', 'TUNISIE', 'MANAR 2', '', 2092, '70860870', NULL, 'ilyes.zouari@zen.com.tn', '2018-03-14', 411124, NULL),
(575, 'LA TUNISIE MECANIQUE', 'TUNISIE', 'RUE LAC MARLIN IMM EL BADR', 'TUNIS', 1053, '71', NULL, 'cb.tunis@gnet.tn', '2018-03-14', 411128, NULL),
(576, 'L\'ACCUMULATEUR TUNISIEN ASSAD', 'TUNISIE', 'Z.I DE BEN AROUS,', '', 2013, '71381688', NULL, '', '2018-03-14', 411008, NULL),
(577, 'L\'ANGE GARDIEN', 'TUNISIE', 'MENZAH 1', '', 1000, '71766088', NULL, '', '2018-03-14', 411083, NULL),
(578, 'LCS GROUPE', 'TUNISIE', '10 RUE CHEVREUL', '', 92150, '01 41 38 95 30', NULL, '', '2018-03-14', 411716, NULL),
(579, 'LE GRAND G HURMA', 'TUNISIE', 'NABEUL', '', 8000, '58 446 551', NULL, 'gannarahmed@hotmail.fr', '2018-03-14', 412566, NULL),
(580, 'LE MENAGER DU GOLFE', 'TUNISIE', '172 AV DU KOWEIT', '', 1000, '72 260 222', NULL, '', '2018-03-14', 411087, NULL),
(581, 'LE MONDE D\'HABILLEMENT', 'TUNISIE', '50 AV MAAOUIA IBN ABI SOFIENE', '', 1004, '71237455', NULL, '', '2018-03-14', 411109, NULL),
(582, 'LE VESTIAIRE', 'TUNISIE', 'ROUTE DE L\'HOPITAL MONGI SLIM', '', 2078, '70', NULL, '', '2018-03-14', 411040, NULL),
(583, 'LELLA BAYA', 'TUNISIE', 'BERGES DU LAC', '', 1053, '00216 28 818 817', NULL, 'insafghannouchi@gmail.com', '2018-03-14', 412608, NULL),
(584, 'LIFT TEX', 'TUNISIE', 'BIZERTE', '', 7000, '72591885', NULL, 'fatma.bouzaidi@linedata.com', '2018-03-14', 411126, NULL),
(585, 'LIFTEX', 'TUNISIE', 'BIZERT', 'BIZERTE', 7000, '72000000', NULL, '', '2018-03-14', 412138, NULL),
(586, 'LINE DATA SERVICES', 'TUNISIE', 'LES BERGES DU LAC', '', 1053, '71961770', NULL, 'fatma.bouzaidi@linedata.com', '2018-03-14', 411127, NULL),
(587, 'LN DISTRIBUTION', 'TUNISIE', 'RTE DE SOUSSE KM 1', '', 5016, '73 473 190', NULL, 'sartex@planet.tn', '2018-03-14', 411332, NULL),
(588, 'LOGEMAR', 'TUNISIE', 'ARIANA ROUTE DE RAOUED', '', 1000, '71757333', NULL, 'logemar@planet.tn', '2018-03-14', 411039, NULL),
(589, 'L\'ORCHIDEE', 'TUNISIE', '', 'TUNIS', 1000, '', NULL, '', '2018-03-14', 412618, NULL),
(590, 'L\'UNIVERS DE DOUCEUR', 'TUNISIE', 'IMM YOSR RUE DU LAC VICTORIA', '', 1053, '71960030', NULL, '', '2018-03-14', 411129, NULL),
(591, 'LYCEE GUSTAVE FLAUBERT', 'TUNISIE', 'LA MARSA', '', 1000, '71740940', NULL, '', '2018-03-14', 411086, NULL),
(592, 'M&C FASHION', 'TUNISIE', 'CHARGUIA II', '', 1000, '71942214', NULL, 'contact@mcfashion.com.tn', '2018-03-14', 411041, NULL),
(593, 'MABROUK DIFFUSION', 'TUNISIE', '124 RUE 4267 ROUTE DU KEF KM 5,6,', '', 2011, '71123456', NULL, 'aloui@bat.com.tn', '2018-03-14', 411130, NULL),
(594, 'MAHA MODEN', 'TUNISIE', 'ROUTE KAIED M\'HAMED KM 1.5 IMMEUBLE', 'SFAX', 3039, '74287160//74233475', NULL, '', '2018-03-14', 411342, NULL),
(595, 'MAILLE CLUB', 'TUNISIE', 'DENDEN 124 RUE 4667', '', 1000, '71647550', NULL, '(mailleclub@mailleclub.com.tn', '2018-03-14', 411042, NULL),
(596, 'MAILLE CLUB DISTRIBUTION', 'TUNISIE', '124 RUE 4267', 'MANOUBA', 2011, '71647550', NULL, '', '2018-03-14', 412043, NULL),
(597, 'MAILLE CLUB EXPORT', 'TUNISIE', 'DENDEN', '', 2011, '71 647 851', NULL, '', '2018-03-14', 411355, NULL),
(598, 'MANUFACTURE INTERSTRAP', 'TUNISIE', 'BIZERTE', '', 1000, '72592963', NULL, '', '2018-03-14', 411088, NULL),
(599, 'MANUFACTURE PRÊT A PORTER', 'TUNISIE', 'CHARGUIA', '', 2035, '71205111', NULL, '', '2018-03-14', 411115, NULL),
(600, 'MASUD', 'TUNISIE', 'ROUTE DE GABES KM 4 SFAX B.P.CITÉ', '', 3052, '74 453 207-74 453 644-782', NULL, 'contact@masud.com.tn', '2018-03-14', 411010, NULL),
(601, 'MAZARS', 'TUNISIE', 'LES BERGES DU LAC', '', 1000, '71964898', NULL, 'mazars.tunisie@mazars.com.tn', '2018-03-14', 411043, NULL),
(602, 'MBK', 'TUNISIE', '15 RUE AZZOUZ REBAI IMP 7122 BLOC D', 'TUNIS', 2092, '71000000', NULL, '', '2018-03-14', 412584, NULL),
(603, 'MBM TRADING', 'TUNISIE', 'TUNIS', '', 1009, '71565497', NULL, '', '2018-03-14', 412569, NULL),
(604, 'MECAPAINT', 'TUNISIE', 'TUNIS', '', 1001, '71999999', NULL, '', '2018-03-14', 411894, NULL),
(605, 'MEDITERRANEAN FASHION GROUP', 'TUNISIE', '28 RUE DE L’ ITALIE 1001 TUNIS', 'TUNIS', 1001, '', NULL, '', '2018-03-14', 412639, NULL),
(606, 'MESSI', 'TUNISIE', 'ROUTE DE TUNIS KM22,Z.I GHRABA', 'SFAX', 3043, '+216 31 403 470', NULL, '', '2018-03-14', 412602, NULL),
(607, 'MHIRI MARKET', 'TUNISIE', 'GP 9 KM 11 ROUTE DE LA MARSA', '', 2046, '70 736 464', NULL, 'info@lavilla.tn', '2018-03-14', 412538, NULL),
(608, 'MISFAT', 'TUNISIE', 'AV HABIB BOURGUIBA 11240', '', 11240, '71539251', NULL, 'mhzouari@misfat.com.tn\n mguermazi@misfat.com.tn', '2018-03-14', 411044, NULL),
(609, 'MISS BEAUTE', 'TUNISIE', 'B 16 MANAR CENTRE,MANAR 2 VOIE', 'TUNIS', 1002, '71884880', NULL, 'm.beaute@ymail.com', '2018-03-14', 411096, NULL),
(610, 'MISS CARTHAGE', 'TUNISIE', '63,AVENUE HABIB BOURGUIBA BAB BHAR', '', 1000, '71 241 663', NULL, 'hajer.benmchaiakh@misscarthage.com', '2018-03-14', 411865, NULL),
(611, 'MODALIUM', 'TUNISIE', 'AVENUE HEDI NOUIRA', '', 2080, '71818916', NULL, '', '2018-03-14', 411723, NULL),
(612, 'MODASQUARE', 'TUNISIE', 'AVENUE HÉDI NOUIRA,IMMEUBLE', '', 2080, '71818900', NULL, '', '2018-03-14', 411016, NULL),
(613, 'MODE ALFA', 'TUNISIE', 'CENTRE CCIAL LES JARDINS', '', 2078, '71 779 985', NULL, '', '2018-03-14', 411017, NULL),
(614, 'MODE DISCOUNT', 'TUNISIE', 'SOUKRA', '', 2036, '71647500', NULL, 'ML@modernleasing.com.tn', '2018-03-14', 411116, NULL),
(615, 'MODERN LEASING', 'TUNISIE', 'TUNIS', '', 1002, '71845530', NULL, 'maher.benamor@planet.tn', '2018-03-14', 411117, NULL),
(616, 'MODERN LEASING', 'TUNISIE', 'POUR LE COMPTE D ITT DISTRIBUTION', '', 1082, '71189700', NULL, '', '2018-03-14', 412604, NULL),
(617, 'MODERNE MÉTAL INTERNATIONAL', 'TUNISIE', 'RTE MAHDIA-SOUSSE MASSJED AISSA', '', 5042, '73 42 20 18', NULL, 'contact@modernemetalint.com', '2018-03-14', 412512, NULL),
(618, 'MODESCO', 'TUNISIE', 'ROUTE DE TENIOUR KM9', '', 3041, '74259789', NULL, '', '2018-03-14', 412562, NULL),
(619, 'MPP MAKNI', 'TUNISIE', '1 RUE N°5 Z.I CHARGUIA1', '', 2035, '71 205 111', NULL, '', '2018-03-14', 411344, NULL),
(620, 'MSI BEN AMOR KTARI & ASSOCIES', 'TUNISIE', 'BOURJEL ENNASIM', '', 1082, '71950276', NULL, 'contactnatures@topnet.tn', '2018-03-14', 411118, NULL),
(621, 'MTB', 'FRANCE', 'QUARTIER DE LA GARE 38460 TREPT', '', 38460, '+33 474 928 768', NULL, 'jp.fusier@mtb.fr', '2018-03-14', 412543, NULL),
(622, 'MWC PARTNERS', 'TUNISIE', '20 DENBIGH HALL,DENBIGH HALL DRIVE', '', 0, '07770 864698', NULL, '', '2018-03-14', 412664, NULL),
(623, 'MY PHONE', 'TUNISIE', 'YASSMINET BEN AROUS', '', 2013, '', NULL, '', '2018-03-14', 412531, NULL),
(624, 'N.C.T', 'TUNISIE', 'BEN AROUS', '', 1000, '', NULL, '', '2018-03-14', 412622, NULL),
(625, 'NATURE COSMETIQUE TUNISIE', 'TUNISIE', 'CENTRE URB NORD', '', 1082, '71948224', NULL, 'wbenali@nexusgroupe.com', '2018-03-14', 411119, NULL),
(626, 'NATURELLE', 'TUNISIE', 'B.P 107 ROUTE DE KORBA 8060', '', 8060, '72 228 228', NULL, 'h.chaouch@sif.com.tn', '2018-03-14', 411519, NULL),
(627, 'NET ONE', 'TUNISIE', '', '', 1000, '00000', NULL, '', '2018-03-14', 412673, NULL),
(628, 'NEXUS GROUPE', 'TUNISIE', 'EL MANAR II', '', 2092, '70860870', NULL, '', '2018-03-14', 411120, NULL),
(629, 'NOEL TUNISIE', 'TUNISIE', '', '', 9070, '7', NULL, '', '2018-03-14', 412635, NULL),
(630, 'NOUR FRUIT', 'TUNISIE', 'AWLED AOUINI', '', 9170, '74 870 247', NULL, '', '2018-03-14', 412509, NULL),
(631, 'NOUVELLE CREATION EL AMRA', 'TUNISIE', 'EL AMRA /SFAX', '', 0, '74899760', NULL, 'mamdouh@outsourcingcallcenter.com', '2018-03-14', 411121, NULL),
(632, 'NOVATEC CONSULTING', 'TUNISIE', 'ABIDJAN COCODY II PLATEAUX AGHIEN', '', 1, '00000', NULL, '', '2018-03-14', 412671, NULL),
(633, 'OMEGA DISTRIBUTION', 'TUNISIE', 'IMMEUBLE L AOUINA CENTRE CITE', '', 1015, '', NULL, '', '2018-03-14', 411718, NULL),
(634, 'OUTSOURCING CALL CENTER', 'TUNISIE', 'MONPLAISIR', '', 1073, '71903655', NULL, 'mamdouh@outsourcingcallcenter.com', '2018-03-14', 411122, NULL),
(635, 'PARTNER TEXTILE INDUSTRIE', 'TUNISIE', '17 RUE PARFUMERIE KSAR SAID', 'MANOUBA', 2086, '71 222222', NULL, '', '2018-03-14', 411363, NULL),
(636, 'PÂTISSERIE MASMOUDI LA COMMERCIALE', 'TUNISIE', 'RUE DR.AHMED SEKELLI', '', 3000, '74 40 53 30', NULL, '', '2018-03-14', 412529, NULL),
(637, 'PATISSERIE ZARROUK', 'TUNISIE', '', '', 1001, '71 759 552', NULL, '', '2018-03-14', 412497, NULL),
(638, 'PATISSERIE ZARROUK', 'TUNISIE', '', '', 1001, '71 759 552', NULL, '', '2018-03-14', 412499, NULL),
(639, 'PERENCO', 'TUNISIE', 'BERGES DU LAC', '', 1000, '71861166', NULL, '(hmbarki@tn.perenco.com', '2018-03-14', 411090, NULL),
(640, 'PHOENIX RETAIL', 'TUNISIE', '15,RUE DU 9 AVRIL', '', 2070, '55245102', NULL, '', '2018-03-14', 412503, NULL),
(641, 'PLASTOTECNICA', 'TUNISIE', 'BEN AROUS', '', 1000, '79408380', NULL, 'Nesrine.Chouchene@plastotecnica.com', '2018-03-14', 411091, NULL),
(642, 'PM INDUSTRIE', 'TUNISIE', 'RTE DE TUNIS KM3 Z.I', '', 8000, '72 224 404', NULL, '', '2018-03-14', 412486, NULL),
(643, 'POLE PRODUCTION', 'TUNISIE', 'CHARGUIA', '', 2036, '71942214', NULL, 'alia.bakir@gmail.com', '2018-03-14', 411107, NULL),
(644, 'POLYCOQ', 'TUNISIE', '', 'ARIANA', 2036, '719999999', NULL, '', '2018-03-14', 411896, NULL),
(645, 'PRIMA', 'TUNISIE', '18 RUE DE MARSEILLE', '', 1001, '71 332599', NULL, '', '2018-03-14', 412533, NULL),
(646, 'PROGISYS', 'ALGERIE', 'CITÉ 210 LOG ENNOUR,BT 13A', '', 0, '021 93 38 15', NULL, '', '2018-03-14', 411897, NULL),
(647, 'PROGISYS ALGERIE', 'ALGERIE', 'COOPÉRATIVE ENNOUR BT 13 LOT 47', '', 16002, '000', NULL, '', '2018-03-14', 412596, NULL),
(648, 'PROGISYS TUNISIE', 'TUNISIE', '92,AV HÉDI NOUIRA RÉSIDENCE', 'ARIANA', 2080, '70 853 261', NULL, '', '2018-03-14', 411364, NULL),
(649, 'PROMED', 'TUNISIE', '', '', 1000, '0000', NULL, '', '2018-03-14', 412686, NULL),
(650, 'RESTAURANT DAR JELD', 'TUNISIE', 'TUNIS', '', 1000, '', NULL, '', '2018-03-14', 411092, NULL),
(651, 'S.A.R.L CONSEIL ET DEVELOPPEMENT', 'TUNISIE', 'SAINT BARNABE PLOURHAN', '', 22410, '00000', NULL, '', '2018-03-14', 412682, NULL),
(652, 'S.M.S MALLEK STYLE', 'TUNISIE', 'BEB JEBLI AV HEDI NOUIRA', '', 3047, '', NULL, 'question-mark@hotmail.fr', '2018-03-14', 411714, NULL),
(653, 'SAMIR ELLEUCH PRET A PORTER', 'TUNISIE', 'NASSIRIA', 'SFAX', 3049, '28 445 276', NULL, '', '2018-03-14', 411871, NULL),
(654, 'SARL CN NEGOCE', 'TUNISIE', '47 RUE DIDOUCHE MOURAD', '', 16000, '0000000000', NULL, '', '2018-03-14', 412599, NULL),
(655, 'SARL MDS TEXSTILE', 'TUNISIE', 'N°10 LOTISSEMENT DAUPHIN', '', 16050, '00000', NULL, '', '2018-03-14', 412653, NULL),
(656, 'SAS LONGCHAMP', 'TUNISIE', '12 RUE SAINT FLORENTIN', '', 75001, '+ 33 (0)1 43 16 00 00', NULL, '', '2018-03-14', 412621, NULL),
(657, 'SCIÉTÉ SALLEMI DE PRÊT À PORTER', 'TUNISIE', 'ROUTE DE TENIOURN KM 9;5', 'SFAX', 3000, '74 886555', NULL, '', '2018-03-14', 411349, NULL),
(658, 'SEDS', 'TUNISIE', 'TUNIS', '', 1000, '70939488', NULL, '', '2018-03-14', 411093, NULL),
(659, 'SENS INVERSE', 'TUNISIE', 'RUE DU LAC TURKANA IMMEUBLE MIMOSA', '', 1053, '79 104 100', NULL, '', '2018-03-14', 411361, NULL),
(660, 'SETE BLUETEX', 'TUNISIE', 'RUE MAISON DES JEUNS EL AMARA', '', 3036, '74 870 247/+21674875005', NULL, '', '2018-03-14', 412514, NULL),
(661, 'SHOES BROTHER', 'TUNISIE', 'AVENUE DE LA LIBÉRATION', 'NABEUL', 8050, '000000', NULL, '', '2018-03-14', 412578, NULL),
(662, 'SHOP GALLERY', 'TUNISIE', '', '', 1000, '71999999', NULL, '', '2018-03-14', 411110, NULL),
(663, 'SICAR AVENIR', 'TUNISIE', 'TUNIS', '', 1000, '71340733', NULL, '', '2018-03-14', 411111, NULL),
(664, 'SICOL', 'FR', 'KLIBIA AVENUE ALI BELHOUANE', 'Paris', 1000, '003371 222 320', '003374585485', 'mohamedali.chouiref@planet.tn', '2018-03-14', 411001, NULL),
(665, 'SIFIB', 'TUNISIE', '1 RUE 8000,ANGLE 11 AV KHEIREDDINE', '', 1002, '71848429', NULL, '', '2018-03-14', 411005, NULL),
(666, 'SITEX', 'TUNISIE', 'RTE DE TAFALLAH,BP120', '', 4000, '73 23 11 77', NULL, '', '2018-03-14', 411321, NULL),
(667, 'SMAGROS', 'TUNISIE', 'ANGLE VOIE', 'MONASTIR', 4000, '11111', NULL, '', '2018-03-14', 411826, NULL),
(668, 'SMART RETAIL', 'TUNISIE', 'CHARGUEYA', '', 1000, '000000', NULL, '', '2018-03-14', 412685, NULL),
(669, 'SME SECURITE', 'TUNISIE', 'MUTUELLE VILLE', '', 1000, '71848320', NULL, 'smesecurite@planet.tn', '2018-03-14', 411094, NULL),
(670, 'SNCL', 'TUNISIE', 'KSAR SAID MANOUBA', '', 1000, '71547383', NULL, 'direction.sncl@gnet.tn', '2018-03-14', 411046, NULL),
(671, 'SNW', 'TUNISIE', 'CXE TUNISIA MALL 2 BERGE DU LAC', '', 2070, '216 27 691 421', NULL, '', '2018-03-14', 412663, NULL),
(672, 'SOBATRAP DU CAP BON', 'TUNISIE', 'BARDO', '', 1000, '71662272', NULL, '', '2018-03-14', 411095, NULL),
(673, 'SOBITEX', 'TUNISIE', 'BD DE L\'ENVIRONNEMENT', 'BIZERTE', 7070, '72447722  72447725', NULL, 'gbtextile@planet.tn', '2018-03-14', 411719, NULL),
(674, 'SOCIETE COMMERCIALE MIRMAR', 'TUNISIE', '6 AVENUE FRANCE', 'TUNIS', 1001, '70 830 810', NULL, '', '2018-03-14', 411337, NULL),
(675, 'SOCIÉTÉ INDUSTRIELLE DE TEXTILE', 'TUNISIE', 'AV.HABIB BOURGUIBA MONASTIR', 'MONASTIR', 5070, '73231177 / 73455233', NULL, 'sitex@sitex.com.tn', '2018-03-14', 411346, NULL),
(676, 'SOCIETE LA VILLA', 'TUNISIE', 'GP 9 KM 11 ROUTE DE LA MARSA', '', 2046, '70 736 464', NULL, 'info@lavilla.tn', '2018-03-14', 411725, NULL),
(677, 'SOCIÉTÉ MAGIC', 'TUNISIE', 'NABEUL', '', 8000, '53 308 918', NULL, '', '2018-03-14', 412511, NULL),
(678, 'SOCIETE MHIRI DISTRIBUTION', 'TUNISIE', 'RUE JAMEL EDDINE EL AFGHANI', '', 3000, '71999999', NULL, '', '2018-03-14', 411020, NULL),
(679, 'SOCIETE NUTRICAP', 'TUNISIE', 'GP1 KM 33 SAMMECH BP 97', 'NABEUL', 8030, '7200', NULL, '', '2018-03-14', 411351, NULL),
(680, 'SOCIÉTÉ TCT', 'TUNISIE', 'RUE HAMOUDA PACHA', 'MANOUBA', 2009, '71 620 616', NULL, '', '2018-03-14', 412448, NULL),
(681, 'SOFTEN', 'TUNISIE', 'Z.I 8030 GROMBALIA TUNISIE', '', 8030, '72 210 600', NULL, '', '2018-03-14', 411013, NULL),
(682, 'SOLAUFIL', 'TUNISIE', 'RUE ST GERMAIN BP 90236', 'ETRANGER', 0, '0000000', NULL, '', '2018-03-14', 411873, NULL),
(683, 'SOMA', 'TUNISIE', 'ROUTE DE SOUSSE – KM10', '', 5012, '73 513 913', NULL, '', '2018-03-14', 411319, NULL),
(684, 'SONS AND DAUGHTERS', 'TUNISIE', 'AVENUE HEDI NOUIRA', '', 2080, '71000000', NULL, '', '2018-03-14', 411365, NULL),
(685, 'SOULA CENTER SOUSSE', 'TUNISIE', 'SOUSSE', '', 1000, '73229612', NULL, '(soula.center@planet.tn', '2018-03-14', 411097, NULL),
(686, 'STÉ ASTRA TUNISIE', 'TUNISIE', '.', 'TUNIS', 1001, '71 999 999', NULL, '', '2018-03-14', 412505, NULL),
(687, 'STE DE DISTIBUTION DES BOISSONS', 'TUNISIE', 'MARAZKA KOTEL ZENITH', 'NABEUL', 8050, '72265070', NULL, '', '2018-03-14', 411011, NULL),
(688, 'STE DE TOURISME ET DE CONGRES', 'TUNISIE', 'MOHAMED V', '', 1000, '71349062', NULL, 'Stc,congres@planet.tn', '2018-03-14', 411098, NULL),
(689, 'STE EL HAMMI FRERE', 'TUNISIE', 'RUE ALEXANDRE DUMAS SOUSSE-TUNISIE', 'SOUSSE', 4000, '73 224 916', NULL, '', '2018-03-14', 411388, NULL),
(690, 'STE EL MOSTATHMER DE COMMERCE', 'TUNISIE', 'HAMMAMET', '', 4089, '73 220 731', NULL, '', '2018-03-14', 412479, NULL),
(691, 'STE ERRAHMA', 'TUNISIE', 'RTE DE TUNIS KM4,5 HENCHA SFAX', 'SFAX', 3010, '74 417 197', NULL, 'mbenthebet@gmail.com', '2018-03-14', 412541, NULL),
(692, 'STÉ HAYET\"HENI\"', 'TUNISIE', '1 RUE OTHMAN IBN AFFEN', '', 3000, '71 71 89 05', NULL, '', '2018-03-14', 412106, NULL),
(693, 'STÉ IMMOBILIERE TRABELSI FRERES', 'TUNISIE', '07,AV TAHER B AMMAR', '', 2092, '883 989', NULL, '', '2018-03-14', 412471, NULL),
(694, 'STE JOLIESSE', 'TUNISIE', 'OUED CHAABOUNI SFAX', '', 3000, '74 279 611/74 467 300', NULL, '', '2018-03-14', 411722, NULL),
(695, 'STE JOLIESSE NEGOCE', 'TUNISIE', 'OUAD CHAABOUN', '', 3000, '74 999 999', NULL, '', '2018-03-14', 412513, NULL),
(696, 'STE LES MAGASINS ZEDD', 'TUNISIE', 'ROUTE SALTANIA KM 4,5 SFAX', '', 3000, '74870248', NULL, '', '2018-03-14', 411125, NULL),
(697, 'STE NOUVELLES DE CONFECTION DE LUX', 'TUNISIE', 'KSAR SAID MANOUBA', '', 2010, '71547383', NULL, '', '2018-03-14', 411106, NULL),
(698, 'STE NOVAMEL', 'TUNISIE', 'RTE DE BENI KHALLED KM 1,5 8030', 'NABEUL', 8030, '72 255 949', NULL, '', '2018-03-14', 412492, NULL),
(699, 'STE PRÊT À PORTER NOUR', 'TUNISIE', 'AV DES MARTYRES', '', 8090, '96 283 958', NULL, '', '2018-03-14', 411886, NULL),
(700, 'STE PRO SYSTEMS', 'TUNISIE', '92,AV.HÉDI NOUIRA RES LA COUPOLE', 'ARIANA', 2037, '70 853 243', NULL, '', '2018-03-14', 411866, NULL),
(701, 'STE TUNISIO FRANCAISE D\'HABILLEMENT', 'TUNISIE', '29 RUE DE TISSAGE', '', 1000, '71651050', NULL, 'tfh@planet.tn', '2018-03-14', 411062, NULL),
(702, 'STEB', 'TUNISIE', 'MENZEL BOURGUIBA', '', 1000, '72418233', NULL, 'steb.jeg@topnet.tn/steb.loj@topnet.tn', '2018-03-14', 411047, NULL),
(703, 'STID', 'TUNISIE', 'SOUSSE', 'SOUSSE', 1000, '73298317', NULL, '', '2018-03-14', 411006, NULL),
(704, 'STIMM LA BALANCE', 'TUNISIE', 'KM 7 AUTOROUTE OUEST', 'TUNIS', 2051, '71 252 574', NULL, '', '2018-03-14', 412575, NULL),
(705, 'STYLIA', 'TUNISIE', 'Z.I.EL KRAM', 'TUNIS', 2015, '00 2016 27 02 79 93', NULL, 'houdakhemiri@homail.com', '2018-03-14', 412519, NULL),
(706, 'SURFAPROTEC', 'TUNISIE', 'ZI', '', 2087, '71647900', NULL, 'surfaprotec@planet.tn', '2018-03-14', 412601, NULL),
(707, 'SYM TELECOM', 'TUNISIE', 'ALAIN SAVARY', '', 1000, '71842402', NULL, 'mhamed.bakhouch@symtelecom.com.tn', '2018-03-14', 411048, NULL),
(708, 'TARA JARMON', 'TUNISIE', 'LAC 1', '', 1053, '71 000 000', NULL, '', '2018-03-14', 412498, NULL),
(709, 'TECHNIPROTEC METAL', 'TUNISIE', 'SOUSSE', 'SOUSSE', 4000, '73285921', NULL, '', '2018-03-14', 411952, NULL),
(710, 'TELEPERFORMANCE TUNISIE', 'TUNISIE', 'KHERREDINE PACHA', '', 1000, '71999 999', NULL, '', '2018-03-14', 412482, NULL),
(711, 'TENOR EDI SERVICES', 'TUNISIE', '07 TAHAR BEN AMMAR', 'TUNIS', 2092, '71 000 000', NULL, '', '2018-03-14', 412491, NULL),
(714, 'TEXNOR', 'TUNISIE', 'MONTPLAISIR', '', 1000, '000000', NULL, '', '2018-03-14', 412652, NULL),
(715, 'TEXTILE RETAIL COMPANY', 'TUNISIE', 'IMMEUBLE LE BOULEVARD BLOC B-1ER', 'TUNIS', 1053, '71 967 134', NULL, '', '2018-03-14', 412535, NULL),
(716, 'TGP', 'TUNISIE', 'MONPLAISIR', '', 1000, '99999999', NULL, '', '2018-03-14', 411049, NULL),
(717, 'TIM INTERNATIONALE', 'TUNISIE', '7 AVENUUE TAHAR BEN AMMAR', '', 2092, '70 860 870', NULL, '', '2018-03-14', 412502, NULL),
(718, 'TIME IS LIFE', 'TUNISIE', 'CENTRE COMMERCIAL TUNIS CITY GÉANT', 'TUNIS', 2080, '98 920 388', NULL, '', '2018-03-14', 412539, NULL),
(719, 'TIMSOFT INTERNE', 'TUNISIE', '7 AVENUE TAHAR BEN AMMAR', '', 1092, '71 860 870', NULL, '', '2018-03-14', 411314, NULL),
(720, 'TIMSOFT MAROC', 'TUNISIE', 'MOUSSA IBN NOUSSAIR', 'ETRANGER', 20060, '0522 206 327', NULL, '', '2018-03-14', 411863, NULL),
(721, 'TIM-STE INDUSTRIELLE DE MECANIQUE', 'TUNISIE', 'TUNIS', '', 1000, '71382996', NULL, '', '2018-03-14', 411051, NULL),
(722, 'TLD', 'TUNISIE', 'MORNAGUIA', '', 1000, '71541116', NULL, '', '2018-03-14', 411099, NULL),
(723, 'TOP FASHION', 'TUNISIE', 'RUE HAMMOUDA BACHA', '', 2096, '71 999 999', NULL, '', '2018-03-14', 412515, NULL),
(724, 'TOP TO TOE', 'TUNISIE', 'RUE IBN EL JAZAR BHAR LAZREK', '', 2087, '70691 456', NULL, '', '2018-03-14', 412449, NULL),
(725, 'TRANS MEDITERRANEE TEXTILE', 'TUNISIE', 'RUE JAMELEDDINE EL AFGHANI', '', 3000, '74 28 7150', NULL, '', '2018-03-14', 412595, NULL),
(726, 'TRANS-VET', 'TUNISIE', 'CHOUCHET RADES', 'BEN AROUS', 2040, '--------', NULL, '', '2018-03-14', 412591, NULL),
(727, 'TRICOM', 'TUNISIE', 'RESIDENCE EDEN', '', 2046, '73908463', NULL, '', '2018-03-14', 411018, NULL),
(728, 'TRICOTAGE EL HOUDA', 'TUNISIE', 'SFAX 21 RUE HABIB THAMMER', '', 1000, '74432078', NULL, '(tricotage.elhouda@gnet.tn', '2018-03-14', 411050, NULL),
(729, 'TUNICOTEX GROUP', 'TUNISIE', 'ROUTE DE GROMBALIA KM 1', '', 8020, '72 253 998/', NULL, '', '2018-03-14', 411052, NULL),
(730, 'TUNISIA TRUST TRADE', 'TUNISIE', 'SFAX', '', 3000, '74 250 149', NULL, 'benslim.salma88@gmail.com', '2018-03-14', 412487, NULL),
(731, 'TUNISIAN FOOD COMPAGNY', 'TUNISIE', 'LES BERGES DU LAC', '', 1000, '00000', NULL, '', '2018-03-14', 412678, NULL),
(732, 'TUNISIE DEVELOPPEMENT ASSISTNCE', 'TUNISIE', 'HAMMEM SOUSSE', '', 4011, '73324450', NULL, '', '2018-03-14', 411102, NULL),
(733, 'TUNISIE LEASING', 'TUNISIE', 'P/C PATISSERIE MASMOUDI', 'TUNIS', 1082, '24 761 915', NULL, '', '2018-03-14', 412556, NULL),
(734, 'TUNITEX', 'TUNISIE', 'SFAX', '', 3048, '74 287 629', NULL, '', '2018-03-14', 412586, NULL),
(735, 'TUNTEX', 'TUNISIE', 'IMMEUBLE EMERAUDE PALACE', 'ARIANA', 1043, '71960011', NULL, '', '2018-03-14', 411103, NULL),
(736, 'UNIVERS DE DOUCEUR', 'TUNISIE', 'LAC IMMEUBLE YOSR,MAGAZIN N°1', '', 1000, '71960030', NULL, 'cb.tunis@gnet.tn', '2018-03-14', 411054, NULL),
(737, 'UNIVERSAL TRAD', 'TUNISIE', 'RTE GREMDA KM 2.5', '', 3000, '47875005', NULL, '', '2018-03-14', 412483, NULL),
(738, 'VTL', 'TUNISIE', 'LES BERGES DU LAC', '', 1053, '719999999', NULL, '', '2018-03-14', 412141, NULL),
(739, 'VTL', 'TUNISIE', '3 RUE DE LAC TOBA LES BERGES DU LAC', '', 1053, '70 148 000', NULL, '', '2018-03-14', 412613, NULL),
(740, 'WAFA LAB', 'TUNISIE', 'RUE CARTHAGÈNE YAFA BLOC', '', 2092, '71880110', NULL, 'wafa-lab@topnet.tn', '2018-03-14', 411053, NULL),
(741, 'WAITEX', 'TUNISIE', 'CHARGUIA', '', 2035, '0000000', NULL, '', '2018-03-14', 412565, NULL),
(742, 'WALLYSCAR', 'TUNISIE', 'TUNIS', 'TUNIS', 1000, '71 483 847', NULL, '', '2018-03-14', 412579, NULL),
(743, 'WAVE STORES', 'TUNISIE', '7,AVENUE TAHER BEN AMMAR,', 'TUNIS', 2092, '70 860 860', NULL, '', '2018-03-14', 412537, NULL),
(744, 'WIND FASHION SARL', 'TUNISIE', 'CHARGUIA 2', '', 1000, '71942092', NULL, '', '2018-03-14', 411101, NULL),
(745, 'WTC', 'TUNISIE', '7 AVENUE TAHER BEN AMMAR EL MANAR 2', 'TUNIS', 2092, '70860870', NULL, '', '2018-03-14', 412573, NULL),
(746, 'WYDLER CONFECTION', 'TUNISIE', 'Z.I', '', 1100, '72 675 660', NULL, 'wydlerconfection@gmail.com', '2018-03-14', 411713, NULL),
(747, 'YURA CORPORATION', 'TUNISIE', 'KAIROUAN', '', 1000, '77270207', NULL, 'med.bm@hotmail.fr', '2018-03-14', 411055, NULL),
(795, 'Société FST', 'TN', 'Manar 1', 'Tunis', 6482, '71603883', '71603883', 'contacts@fst.tn', '2018-05-17', 4110062, NULL),
(801, 'Faculté FST', 'TN', 'Manhar 9', 'Tunis', 8596, '71603883', '71603883', 'contacts@fst.tooo', '2018-07-10', 856832, NULL);

-- --------------------------------------------------------

--
-- Structure de la table `droit_acces`
--

DROP TABLE IF EXISTS `droit_acces`;
CREATE TABLE IF NOT EXISTS `droit_acces` (
  `id` int(11) NOT NULL AUTO_INCREMENT,
  `NomDroit` varchar(100) COLLATE utf8_unicode_ci NOT NULL,
  `RouteDroit` varchar(255) COLLATE utf8_unicode_ci NOT NULL,
  `CategorieDroit` varchar(100) COLLATE utf8_unicode_ci NOT NULL,
  PRIMARY KEY (`id`),
  UNIQUE KEY `UNIQ_C66176015C385076` (`NomDroit`),
  UNIQUE KEY `UNIQ_C6617601B586FA1B` (`RouteDroit`)
) ENGINE=InnoDB AUTO_INCREMENT=91 DEFAULT CHARSET=utf8 COLLATE=utf8_unicode_ci;

--
-- Déchargement des données de la table `droit_acces`
--

INSERT INTO `droit_acces` (`id`, `NomDroit`, `RouteDroit`, `CategorieDroit`) VALUES
(1, 'Ajout d\'une facture', 'AjouterFacture', 'Facturation'),
(2, 'Consultation d\'une facture', 'ConsulterUneFacture', 'Facturation'),
(3, 'Modification d\'une facture', 'ModifierFacture', 'Facturation'),
(4, 'Suppression d\'une facture', 'SupprimerUneFacture', 'Facturation'),
(5, 'Saisie d\'une feuille de présence', 'RemplirFeuillePresence', 'Fiche de présence'),
(6, 'Consultation toutes les feuilles de présence et tous les rapport d\'intervention', 'ConsulterFeuillesRapportIntervention', 'Fiche de présence'),
(7, 'Modification d\'une feuille de présence', 'ModifierFeuillePresence', 'Fiche de présence'),
(8, 'Suppression d\'une feuille de présence', 'SupprimerUneFeuille', 'Fiche de présence'),
(9, 'Création d\'un utilisateur', 'fos_user_registration_register', 'Gestion des utilisateurs'),
(10, 'Consulter la liste des utilisateurs', 'ConsulterUtilisateur', 'Gestion des utilisateurs'),
(11, 'Modifier un utilisateur', 'fos_user_profile_edit_utilisateur', 'Gestion des utilisateurs'),
(12, 'Supprimer un utilisateur', 'SupprimerUnUtilisateur', 'Gestion des utilisateurs'),
(13, 'Consulter profil', 'ConsulterUnUtilisateur', 'Autre'),
(14, 'Déactiver un utilisateur', 'DeactiverUnUtilisateur', 'Gestion des utilisateurs'),
(15, 'Ajouter un client', 'AjouterClient', 'Gestion des clients'),
(16, 'Consulter les données d\'un client', 'ConsulterUnClient', 'Gestion des clients'),
(17, 'Modifier un client', 'ModifierClient', 'Gestion des clients'),
(18, 'Supprimer un client', 'SupprimerUnClient', 'Gestion des clients'),
(19, 'Importer des clients', 'ImporterClients', 'Gestion des clients'),
(20, 'Consulterla liste des clients', 'ConsulterClient', 'Gestion des clients'),
(21, 'Consulter les droits d\'accès', 'ConsulterDroitAcces', 'Gestion des droits d\'accès'),
(22, 'Modifier les droits d\'accès', 'ModifierDroitAcces', 'Gestion des droits d\'accès'),
(23, 'Confiration de la création de l\'utilisateur', 'fos_user_registration_check_email', 'Autre'),
(24, 'Accueil', 'tim_soft_client_homepage', 'Autre'),
(25, 'InfoIntervention', 'InfoIntervention', 'Autre'),
(26, 'InfoClient', 'InfoClient', 'Autre'),
(27, 'SupprimerUtilisateur', 'SupprimerUtilisateur', 'Autre'),
(28, 'SelectionUsers', 'SelectionUsers', 'Autre'),
(29, 'ConsulterFacturesParType', 'ConsulterFacturesParType', 'Autre'),
(30, 'ConsulterFactures', 'ConsulterFactures', 'Autre'),
(31, 'ConsulterFacturesEnCours', 'ConsulterFacturesEnCours', 'Autre'),
(32, 'MesFactures', 'MesFactures', 'Autre'),
(33, 'SupprimerFacture', 'SupprimerFacture', 'Autre'),
(34, 'Les utulisateurs qui ont ce droit', 'UsersAvecDroit', 'Autre'),
(35, 'FOS Routing', 'fos_js_routing_js', 'Autre'),
(36, 'SupprimerClient', 'SupprimerClient', 'Autre'),
(38, 'ConsulterFeuilleParValidation', 'ConsulterFeuilleParValidation', 'Autre'),
(43, 'ConsulterRapportParValidation', 'ConsulterRapportParValidation', 'Autre'),
(44, 'ConsulterUtilisateurActif', 'ConsulterUtilisateurActif', 'Autre'),
(45, 'ConsulterUtilisateurDeactive', 'ConsulterUtilisateurDeactive', 'Autre'),
(46, 'ConsulterUtilisateurInvalid', 'ConsulterUtilisateurInvalid', 'Autre'),
(47, 'ConsulterFeuilleParValidationParClient', 'ConsulterFeuilleParValidationParClient', 'Autre'),
(48, 'ConsulterRapportParValidationParClient', 'ConsulterRapportParValidationParClient', 'Autre'),
(49, 'ConsulterFeuilleParStatutParConsultant', 'ConsulterFeuilleParStatutParConsultant', 'Autre'),
(50, 'ConsulterFeuilleParConsultant', 'ConsulterFeuilleParConsultant', 'Autre'),
(51, 'ConsulterRapportParConsultant', 'ConsulterRapportParConsultant', 'Autre'),
(52, 'ConsulterRapportParValidationParConsultant', 'ConsulterRapportParValidationParConsultant', 'Autre'),
(53, 'ChangerStatutNotification', 'ChangerStatutNotification', 'Autre'),
(54, 'Notification', 'Notification', 'Autre'),
(55, 'LogOut', 'fos_user_security_logout', 'Autre'),
(56, 'Changer le MDP', 'fos_user_change_password', 'Autre'),
(57, 'Consulter Toutes Les Feuilles', 'ConsulterToutesLesFeuilles', 'Fiche de présence'),
(58, 'Consulter Tous Les Rapport', 'ConsulterTousLesRapport', 'Fiche de présence'),
(60, 'Consulter les factures du client connecté Par Type', 'ConsulterFacturesParTypeParClient', 'Facturation'),
(61, 'Consulter les Feuilles du client connecté', 'ConsulteFeuillesClient', 'Fiche de présence'),
(62, 'Consulter les Rapports du client connecté', 'ConsulterRapportParClient', 'Fiche de présence'),
(63, 'Modifier son profil', 'fos_user_profile_edit', 'Autre'),
(64, 'Consulter Rapport Part Type', 'ConsulterRapportPartType', 'Autre'),
(65, 'Toutes les notifications', 'AllNotifications', 'Autre'),
(66, 'Consulter un Rapport d\'Intervention', 'ConsulterRapportIntervention', 'Fiche de présence'),
(67, 'Consulter un feuille de présence', 'ConsulterFeuillePresence', 'Fiche de présence'),
(68, 'Modifier le statut de la facture', 'ModifFactModal', 'Facturation'),
(70, 'Modifier le rapport d\'intervention par le client', 'ModifierRapportIntervention', 'Fiche de présence'),
(71, 'Téléchargement su rapport d\'intervention', 'TelechargerRapportIntervention', 'Fiche de présence'),
(72, 'Téléchargement d\'une de feuille de présence', 'TelechargerFeuillePresence', 'Fiche de présence'),
(73, 'Supprimer un rapport d\'intervention', 'SupprimerRapport', 'Autre'),
(74, 'Supprimer Un Rapport', 'SupprimerUnRapport', 'Fiche de présnce'),
(75, 'Consulte les feuilles & Rapport d\'intervention selon le client connecté', 'ConsulterFeuillesRapportInterventionParClient', 'Fiche de présence'),
(76, 'Consulter les feuilles et Rapport d\'ntervention selon le Consultant connecté', 'ConsulterFeuillesRapportInterventionParConsultant', 'Fiche de présence'),
(77, 'Extraire les rapport par type d\'intervention selon le client connecté', 'ConsulterRapportPartTypeParClient', 'Autre'),
(78, 'ConsulterRapportPartTypeParConsultant', 'ConsulterRapportPartTypeParConsultant', 'Autre'),
(79, 'Afficher apres Modif MDP', 'fos_user_profile_show', 'Autre'),
(80, 'ReconfirmationMailUtilisateur', 'ReconfirmationMailUtilisateur', 'Autre'),
(81, 'UsersSansDroit', 'UsersSansDroit', 'Autre'),
(83, 'CategorieAvecDroit', 'CategorieAvecDroit', 'Autre'),
(84, 'CategorieSansDroit', 'CategorieSansDroit', 'Autre'),
(86, 'SupprimerFeuille', 'SupprimerFeuille', 'Autre'),
(87, 'Confirmation Cnx', 'fos_user_registration_confirmed', 'Autre'),
(88, 'Consulter une notification', 'UneNotification', 'Autre'),
(89, 'DeactiverUtilisateur', 'DeactiverUtilisateur', 'Autre'),
(90, 'Réactiver un utilisateur', 'ReactiverUtilisateur', 'Gestions des utilisateurs');

-- --------------------------------------------------------

--
-- Structure de la table `droit_acces_groupe`
--

DROP TABLE IF EXISTS `droit_acces_groupe`;
CREATE TABLE IF NOT EXISTS `droit_acces_groupe` (
  `id` int(11) NOT NULL AUTO_INCREMENT,
  `Role` varchar(30) COLLATE utf8_unicode_ci NOT NULL,
  `Droit` int(11) DEFAULT NULL,
  PRIMARY KEY (`id`),
  KEY `IDX_71F261EDABB8855` (`Droit`)
) ENGINE=InnoDB AUTO_INCREMENT=198 DEFAULT CHARSET=utf8 COLLATE=utf8_unicode_ci;

--
-- Déchargement des données de la table `droit_acces_groupe`
--

INSERT INTO `droit_acces_groupe` (`id`, `Role`, `Droit`) VALUES
(1, 'ROLE_ADMIN', 1),
(2, 'ROLE_ADMIN', 2),
(3, 'ROLE_ADMIN', 3),
(4, 'ROLE_ADMIN', 4),
(5, 'ROLE_ADMIN', 5),
(6, 'ROLE_ADMIN', 6),
(7, 'ROLE_ADMIN', 7),
(8, 'ROLE_ADMIN', 8),
(9, 'ROLE_ADMIN', 9),
(10, 'ROLE_ADMIN', 10),
(11, 'ROLE_ADMIN', 11),
(12, 'ROLE_ADMIN', 12),
(13, 'ROLE_ADMIN', 13),
(14, 'ROLE_ADMIN', 14),
(15, 'ROLE_ADMIN', 15),
(16, 'ROLE_ADMIN', 16),
(17, 'ROLE_ADMIN', 17),
(18, 'ROLE_ADMIN', 18),
(19, 'ROLE_ADMIN', 19),
(20, 'ROLE_ADMIN', 20),
(21, 'ROLE_ADMIN', 21),
(22, 'ROLE_ADMIN', 22),
(23, 'ROLE_GESTIONNAIRE', 1),
(24, 'ROLE_GESTIONNAIRE', 2),
(25, 'ROLE_GESTIONNAIRE', 3),
(26, 'ROLE_GESTIONNAIRE', 4),
(27, 'ROLE_GESTIONNAIRE', 5),
(28, 'ROLE_GESTIONNAIRE', 6),
(29, 'ROLE_GESTIONNAIRE', 7),
(30, 'ROLE_GESTIONNAIRE', 8),
(31, 'ROLE_GESTIONNAIRE', 9),
(32, 'ROLE_GESTIONNAIRE', 10),
(33, 'ROLE_GESTIONNAIRE', 11),
(34, 'ROLE_GESTIONNAIRE', 12),
(35, 'ROLE_GESTIONNAIRE', 13),
(36, 'ROLE_GESTIONNAIRE', 14),
(37, 'ROLE_GESTIONNAIRE', 15),
(38, 'ROLE_GESTIONNAIRE', 16),
(39, 'ROLE_GESTIONNAIRE', 17),
(40, 'ROLE_GESTIONNAIRE', 18),
(41, 'ROLE_GESTIONNAIRE', 19),
(42, 'ROLE_GESTIONNAIRE', 20),
(43, 'ROLE_GESTIONNAIRE', 21),
(44, 'ROLE_GESTIONNAIRE', 22),
(45, 'ROLE_CONSULTANT', 5),
(47, 'ROLE_CONSULTANT', 7),
(48, 'ROLE_CONSULTANT', 8),
(49, 'ROLE_CONSULTANT', 13),
(50, 'ROLE_CONSULTANT', 16),
(51, 'ROLE_CONSULTANT', 20),
(52, 'ROLE_CLIENT', 2),
(53, 'ROLE_CLIENT', 3),
(55, 'ROLE_CLIENT', 13),
(56, 'ROLE_ADMIN', 23),
(57, 'ROLE_GESTIONNAIRE', 23),
(58, 'ROLE_ADMIN', 24),
(59, 'ROLE_GESTIONNAIRE', 24),
(60, 'ROLE_CLIENT', 24),
(61, 'ROLE_CONSULTANT', 24),
(62, 'ROLE_ADMIN', 26),
(63, 'ROLE_GESTIONNAIRE', 26),
(64, 'ROLE_ADMIN', 25),
(65, 'ROLE_GESTIONNAIRE', 25),
(66, 'ROLE_ADMIN', 27),
(67, 'ROLE_GESTIONNAIRE', 27),
(68, 'ROLE_ADMIN', 28),
(69, 'ROLE_GESTIONNAIRE', 28),
(70, 'ROLE_ADMIN', 29),
(71, 'ROLE_GESTIONNAIRE', 29),
(72, 'ROLE_ADMIN', 30),
(74, 'ROLE_ADMIN', 31),
(75, 'ROLE_GESTIONNAIRE', 31),
(76, 'ROLE_CLIENT', 32),
(77, 'ROLE_ADMIN', 34),
(78, 'ROLE_GESTIONNAIRE', 34),
(79, 'ROLE_ADMIN', 35),
(80, 'ROLE_GESTIONNAIRE', 35),
(81, 'ROLE_CLIENT', 35),
(82, 'ROLE_CONSULTANT', 35),
(83, 'ROLE_ADMIN', 36),
(84, 'ROLE_GESTIONNAIRE', 36),
(85, 'ROLE_ADMIN', 38),
(86, 'ROLE_GESTIONNAIRE', 38),
(87, 'ROLE_ADMIN', 43),
(88, 'ROLE_GESTIONNAIRE', 43),
(89, 'ROLE_ADMIN', 44),
(90, 'ROLE_GESTIONNAIRE', 44),
(91, 'ROLE_ADMIN', 45),
(92, 'ROLE_GESTIONNAIRE', 45),
(93, 'ROLE_ADMIN', 46),
(94, 'ROLE_GESTIONNAIRE', 46),
(95, 'ROLE_CLIENT', 47),
(96, 'ROLE_CLIENT', 48),
(97, 'ROLE_CONSULTANT', 49),
(98, 'ROLE_CONSULTANT', 50),
(99, 'ROLE_CONSULTANT', 51),
(100, 'ROLE_CONSULTANT', 52),
(101, 'ROLE_ADMIN', 53),
(102, 'ROLE_GESTIONNAIRE', 53),
(103, 'ROLE_CONSULTANT', 53),
(104, 'ROLE_CLIENT', 53),
(105, 'ROLE_ADMIN', 54),
(106, 'ROLE_GESTIONNAIRE', 54),
(107, 'ROLE_CLIENT', 54),
(108, 'ROLE_CONSULTANT', 54),
(109, 'ROLE_ADMIN', 55),
(110, 'ROLE_GESTIONNAIRE', 55),
(111, 'ROLE_CLIENT', 55),
(112, 'ROLE_CONSULTANT', 55),
(113, 'ROLE_ADMIN', 56),
(114, 'ROLE_GESTIONNAIRE', 56),
(115, 'ROLE_CLIENT', 56),
(116, 'ROLE_CONSULTANT', 56),
(117, 'ROLE_GESTIONNAIRE', 30),
(118, 'ROLE_ADMIN', 57),
(119, 'ROLE_GESTIONNAIRE', 57),
(120, 'ROLE_ADMIN', 58),
(121, 'ROLE_GESTIONNAIRE', 58),
(122, 'ROLE_CLIENT', 60),
(123, 'ROLE_CLIENT', 61),
(124, 'ROLE_CLIENT', 62),
(125, 'ROLE_ADMIN', 63),
(126, 'ROLE_GESTIONNAIRE', 63),
(127, 'ROLE_CONSULTANT', 63),
(128, 'ROLE_CLIENT', 63),
(129, 'ROLE_ADMIN', 64),
(130, 'ROLE_GESTIONNAIRE', 64),
(131, 'ROLE_ADMIN', 66),
(132, 'ROLE_GESTIONNAIRE', 66),
(133, 'ROLE_CLIENT', 66),
(134, 'ROLE_GESTIONNAIRE', 67),
(135, 'ROLE_ADMIN', 67),
(136, 'ROLE_CLIENT', 67),
(137, 'ROLE_CONSULTANT', 67),
(138, 'ROLE_ADMIN', 65),
(139, 'ROLE_GESTIONNAIRE', 65),
(140, 'ROLE_CLIENT', 65),
(141, 'ROLE_CONSULTANT', 65),
(142, 'ROLE_CLIENT', 68),
(143, 'ROLE_CLIENT', 7),
(144, 'ROLE_CLIENT', 70),
(145, 'ROLE_ADMIN', 71),
(146, 'ROLE_GESTIONNAIRE', 71),
(147, 'ROLE_CONSULTANT', 71),
(148, 'ROLE_CLIENT', 71),
(149, 'ROLE_ADMIN', 72),
(150, 'ROLE_GESTIONNAIRE', 72),
(151, 'ROLE_CONSULTANT', 72),
(152, 'ROLE_CLIENT', 72),
(153, 'ROLE_ADMIN', 73),
(154, 'ROLE_GESTIONNAIRE', 73),
(155, 'ROLE_CONSULTANT', 73),
(156, 'ROLE_ADMIN', 74),
(157, 'ROLE_GESTIONNAIRE', 74),
(158, 'ROLE_CONSULTANT', 74),
(159, 'ROLE_ADMIN', 70),
(160, 'ROLE_CLIENT', 75),
(161, 'ROLE_CONSULTANT', 76),
(162, 'ROLE_CLIENT', 77),
(163, 'ROLE_CONSULTANT', 78),
(164, 'ROLE_ADMIN', 79),
(165, 'ROLE_GESTIONNAIRE', 79),
(166, 'ROLE_CLIENT', 79),
(167, 'ROLE_CONSULTANT', 79),
(168, 'ROLE_ADMIN', 80),
(169, 'ROLE_GESTIONNAIRE', 80),
(170, 'ROLE_CLIENT', 80),
(171, 'ROLE_CONSULTANT', 80),
(172, 'ROLE_CONSULTANT', 66),
(173, 'ROLE_CONSULTANT', 70),
(174, 'ROLE_ADMIN', 81),
(175, 'ROLE_GESTIONNAIRE', 81),
(176, 'ROLE_ADMIN', 83),
(177, 'ROLE_GESTIONNAIRE', 83),
(178, 'ROLE_ADMIN', 84),
(179, 'ROLE_GESTIONNAIRE', 84),
(180, 'ROLE_ADMIN', 86),
(181, 'ROLE_GESTIONNAIRE', 86),
(182, 'ROLE_CONSULTANT', 86),
(183, 'ROLE_ADMIN', 87),
(184, 'ROLE_GESTIONNAIRE', 87),
(185, 'ROLE_CLIENT', 87),
(186, 'ROLE_CONSULTANT', 87),
(187, 'ROLE_ADMIN', 88),
(188, 'ROLE_GESTIONNAIRE', 88),
(189, 'ROLE_CONSULTANT', 88),
(190, 'ROLE_CLIENT', 88),
(191, 'ROLE_ADMIN', 89),
(192, 'ROLE_GESTIONNAIRE', 89),
(193, 'ROLE_ADMIN', 90),
(194, 'ROLE_GESTIONNAIRE', 90),
(196, 'ROLE_ADMIN', 33),
(197, 'ROLE_GESTIONNAIRE', 33);

-- --------------------------------------------------------

--
-- Structure de la table `droit_acces_personne`
--

DROP TABLE IF EXISTS `droit_acces_personne`;
CREATE TABLE IF NOT EXISTS `droit_acces_personne` (
  `id` int(11) NOT NULL AUTO_INCREMENT,
  `Droit` int(11) DEFAULT NULL,
  `Utilisateur` int(11) DEFAULT NULL,
  `RoleUtilisateur` varchar(30) COLLATE utf8_unicode_ci NOT NULL,
  `Autorisation` tinyint(1) NOT NULL,
  PRIMARY KEY (`id`),
  KEY `IDX_B63ABA23ABB8855` (`Droit`),
  KEY `IDX_B63ABA239B80EC64` (`Utilisateur`)
) ENGINE=InnoDB DEFAULT CHARSET=utf8 COLLATE=utf8_unicode_ci;

-- --------------------------------------------------------

--
-- Structure de la table `facture`
--

DROP TABLE IF EXISTS `facture`;
CREATE TABLE IF NOT EXISTS `facture` (
  `id` int(11) NOT NULL AUTO_INCREMENT,
  `NumeroFacture` int(11) NOT NULL,
  `DateFacture` date NOT NULL,
  `NatureFacture` varchar(20) COLLATE utf8_unicode_ci NOT NULL,
  `StatutFacture` varchar(50) COLLATE utf8_unicode_ci NOT NULL,
  `CauseRefusFacture` longtext COLLATE utf8_unicode_ci,
  `MontantTTCFacture` decimal(18,3) NOT NULL,
  `FacturePDF` varchar(255) COLLATE utf8_unicode_ci NOT NULL,
  `Societe` int(11) DEFAULT NULL,
  `updated_at` datetime NOT NULL,
  PRIMARY KEY (`id`),
  UNIQUE KEY `UNIQ_FE86641023B1E2C0` (`NumeroFacture`),
  KEY `IDX_FE866410D6D80421` (`Societe`)
) ENGINE=InnoDB AUTO_INCREMENT=29 DEFAULT CHARSET=utf8 COLLATE=utf8_unicode_ci;

--
-- Déchargement des données de la table `facture`
--

INSERT INTO `facture` (`id`, `NumeroFacture`, `DateFacture`, `NatureFacture`, `StatutFacture`, `CauseRefusFacture`, `MontantTTCFacture`, `FacturePDF`, `Societe`, `updated_at`) VALUES
(23, 2018001, '2018-07-10', 'Facture', 'Non traitée', NULL, '8000.000', '5b4493381b0c3_LST_Mail_Enseignants_00.pdf', 446, '2018-07-10 11:06:32'),
(24, 2018002, '2018-07-10', 'Facture', 'Validée', NULL, '7500.000', '5b44936e2bb97_LST_Mail_Enseignants_00.pdf', 418, '2018-07-10 11:07:26'),
(25, 2018003, '2018-07-10', 'Facture', 'Règlement en cours', NULL, '1000.000', '5b4495ec98a4c_LST_Mail_Enseignants_00.pdf', 583, '2018-07-10 11:18:04'),
(26, 2018004, '2017-01-05', 'Facture', 'Règlement prêt', NULL, '650.000', '5b449866ed040_LST_Mail_Enseignants_00.pdf', 583, '2018-07-10 11:28:38'),
(27, 2018006, '2018-07-10', 'Facture', 'Règlement prêt', NULL, '3605.000', '5b449a58e187a_LST_Mail_Enseignants_00.pdf', 583, '2018-07-10 11:36:56'),
(28, 2018630, '2018-07-10', 'Facture', 'Non traitée', NULL, '8500.000', '5b44b324e07a3_LST_Mail_Enseignants_00.pdf', 418, '2018-07-10 13:22:44');

-- --------------------------------------------------------

--
-- Structure de la table `feuille_de_presence`
--

DROP TABLE IF EXISTS `feuille_de_presence`;
CREATE TABLE IF NOT EXISTS `feuille_de_presence` (
  `id` int(11) NOT NULL AUTO_INCREMENT,
  `NumeroCommande` int(11) NOT NULL,
  `LibelleCommande` longtext COLLATE utf8_unicode_ci NOT NULL,
  `ModeIntervention` varchar(100) COLLATE utf8_unicode_ci NOT NULL,
  `DateIntervention` date NOT NULL,
  `HeureDebutInterventionMatin` time DEFAULT NULL,
  `HeureFinInterventionMatin` time DEFAULT NULL,
  `HeureDebutInterventionAM` time DEFAULT NULL,
  `HeureFinInterventionAM` time DEFAULT NULL,
  `StatutValidation` tinyint(1) DEFAULT NULL,
  `Intervenant` int(11) DEFAULT NULL,
  `Client` int(11) DEFAULT NULL,
  `LieuIntervention` varchar(255) COLLATE utf8_unicode_ci NOT NULL,
  PRIMARY KEY (`id`),
  KEY `IDX_D1E4B287F54C9B8B` (`Intervenant`),
  KEY `IDX_D1E4B287C0E80163` (`Client`)
) ENGINE=InnoDB AUTO_INCREMENT=116 DEFAULT CHARSET=utf8 COLLATE=utf8_unicode_ci;

--
-- Déchargement des données de la table `feuille_de_presence`
--

INSERT INTO `feuille_de_presence` (`id`, `NumeroCommande`, `LibelleCommande`, `ModeIntervention`, `DateIntervention`, `HeureDebutInterventionMatin`, `HeureFinInterventionMatin`, `HeureDebutInterventionAM`, `HeureFinInterventionAM`, `StatutValidation`, `Intervenant`, `Client`, `LieuIntervention`) VALUES
(111, 1504, 'Soutenance technique', 'Sur site', '2018-07-10', '11:32:00', '13:00:00', '14:30:00', '18:00:00', 0, 1, 424, '100 AV HEDI NOUIRA RESIDENCE ESSIA'),
(112, 14758, 'Test soutenance 2', 'À diastance', '2018-07-10', '08:30:00', '13:00:00', '14:30:00', '18:00:00', 0, 1, 430, 'Tunis'),
(113, 7854, 'Test', 'À diastance', '2018-07-10', '08:30:00', '13:00:00', '14:30:00', '18:00:00', 0, 1, 492, 'Tunis'),
(114, 85691, 'Test', 'Mode projet', '2018-07-10', '08:30:00', '13:00:00', '14:30:00', '18:00:00', 0, 1, 645, 'Tunis'),
(115, 201885, 'Test', 'Sur site', '2018-07-10', '08:30:00', '13:00:00', '14:30:00', '18:00:00', 1, 1, 583, 'BERGES DU LAC');

-- --------------------------------------------------------

--
-- Structure de la table `fichier_join`
--

DROP TABLE IF EXISTS `fichier_join`;
CREATE TABLE IF NOT EXISTS `fichier_join` (
  `id` int(11) NOT NULL AUTO_INCREMENT,
  `TypeFichier` varchar(255) COLLATE utf8_unicode_ci NOT NULL,
  `NomFichierJoin` varchar(255) COLLATE utf8_unicode_ci NOT NULL,
  `ContenuFichierJoin` varchar(255) COLLATE utf8_unicode_ci NOT NULL,
  `RapportIntervention` int(11) DEFAULT NULL,
  `SendParMail` tinyint(1) NOT NULL,
  `updated_at` datetime NOT NULL,
  PRIMARY KEY (`id`),
  KEY `IDX_A9EE103C96BBF5DF` (`RapportIntervention`)
) ENGINE=InnoDB AUTO_INCREMENT=52 DEFAULT CHARSET=utf8 COLLATE=utf8_unicode_ci;

--
-- Déchargement des données de la table `fichier_join`
--

INSERT INTO `fichier_join` (`id`, `TypeFichier`, `NomFichierJoin`, `ContenuFichierJoin`, `RapportIntervention`, `SendParMail`, `updated_at`) VALUES
(50, 'Type 1', 'Doc1', '5b448dad62bf3_téléchargement.jpg', 50, 1, '2018-07-10 10:42:53'),
(51, 'Type 1', 'Rapport', '5b449d87993df_téléchargement.jpg', 54, 1, '2018-07-10 11:50:31');

-- --------------------------------------------------------

--
-- Structure de la table `notification`
--

DROP TABLE IF EXISTS `notification`;
CREATE TABLE IF NOT EXISTS `notification` (
  `id` int(11) NOT NULL AUTO_INCREMENT,
  `Responsable` int(11) DEFAULT NULL,
  `title` varchar(255) COLLATE utf8_unicode_ci NOT NULL,
  `description` longtext COLLATE utf8_unicode_ci NOT NULL,
  `icon` varchar(255) COLLATE utf8_unicode_ci DEFAULT NULL,
  `route` varchar(255) COLLATE utf8_unicode_ci DEFAULT NULL,
  `route_parameters` longtext COLLATE utf8_unicode_ci COMMENT '(DC2Type:array)',
  `notification_date` datetime NOT NULL,
  `full_url` varchar(255) COLLATE utf8_unicode_ci DEFAULT NULL,
  `seen` tinyint(1) NOT NULL,
  PRIMARY KEY (`id`),
  KEY `IDX_BF5476CAD4CE82D0` (`Responsable`)
) ENGINE=InnoDB AUTO_INCREMENT=96 DEFAULT CHARSET=utf8 COLLATE=utf8_unicode_ci;

--
-- Déchargement des données de la table `notification`
--

INSERT INTO `notification` (`id`, `Responsable`, `title`, `description`, `icon`, `route`, `route_parameters`, `notification_date`, `full_url`, `seen`) VALUES
(76, 1, 'Nouvelle Feuille de présence', 'Client: ALLUANCE DIFFUSION- Intervenant: Cherif Kaouther', NULL, 'ConsulterFeuillePresence', 'a:1:{s:2:\"id\";i:111;}', '2018-07-10 10:33:40', NULL, 0),
(77, 1, 'Nouvelle Feuille de présence', 'Client: ALLUANCE DIFFUSION- Intervenant: Cherif Kaouther', NULL, 'ConsulterFeuillePresence', 'a:1:{s:2:\"id\";i:111;}', '2018-07-10 10:37:01', NULL, 0),
(78, 1, 'Nouvelle Feuille de présence', 'Client: ALLUANCE DIFFUSION- Intervenant: Cherif Kaouther', NULL, 'ConsulterFeuillePresence', 'a:1:{s:2:\"id\";i:111;}', '2018-07-10 10:37:06', NULL, 0),
(79, 1, 'Nouveau Rapport', 'Client: ALLUANCE DIFFUSION- Intervenant: Cherif Kaouther', NULL, 'ConsulterRapportIntervention', 'a:1:{s:2:\"id\";i:50;}', '2018-07-10 10:42:54', NULL, 0),
(80, 1, 'Nouvelle Feuille de présence', 'Client: ANIS ROULEMENT- Intervenant: Cherif Kaouther', NULL, 'ConsulterFeuillePresence', 'a:1:{s:2:\"id\";i:112;}', '2018-07-10 10:45:53', NULL, 0),
(81, 1, 'Nouveau Rapport', 'Client: ANIS ROULEMENT- Intervenant: Cherif Kaouther', NULL, 'ConsulterRapportIntervention', 'a:1:{s:2:\"id\";i:51;}', '2018-07-10 10:48:28', NULL, 0),
(82, 1, 'Nouvelle Feuille de présence', 'Client: CLLIENT COMPTE D\'ATTENTE- Intervenant: Cherif Kaouther', NULL, 'ConsulterFeuillePresence', 'a:1:{s:2:\"id\";i:113;}', '2018-07-10 10:49:38', NULL, 0),
(83, 1, 'Nouveau Rapport', 'Client: CLLIENT COMPTE D\'ATTENTE- Intervenant: Cherif Kaouther', NULL, 'ConsulterRapportIntervention', 'a:1:{s:2:\"id\";i:52;}', '2018-07-10 10:51:56', NULL, 0),
(84, 1, 'Nouvelle Feuille de présence', 'Client: PRIMA- Intervenant: Cherif Kaouther', NULL, 'ConsulterFeuillePresence', 'a:1:{s:2:\"id\";i:114;}', '2018-07-10 10:52:43', NULL, 0),
(85, 1, 'Nouveau Rapport', 'Client: PRIMA- Intervenant: Cherif Kaouther', NULL, 'ConsulterRapportIntervention', 'a:1:{s:2:\"id\";i:53;}', '2018-07-10 10:53:23', NULL, 0),
(86, 1, 'Nouvelle facture', 'Client: AYMEN MODE', NULL, 'ConsulterUneFacture', 'a:1:{s:2:\"id\";i:22;}', '2018-07-10 10:55:27', NULL, 0),
(87, 1, 'Nouvelle facture', 'Client: AYMEN MODE', NULL, 'ConsulterUneFacture', 'a:1:{s:2:\"id\";i:23;}', '2018-07-10 11:06:32', NULL, 0),
(88, 1, 'Nouvelle facture', 'Client: AGOCEAN', NULL, 'ConsulterUneFacture', 'a:1:{s:2:\"id\";i:24;}', '2018-07-10 11:07:26', NULL, 0),
(89, 1, 'Nouvelle facture', 'Client: LELLA BAYA', NULL, 'ConsulterUneFacture', 'a:1:{s:2:\"id\";i:25;}', '2018-07-10 11:18:04', NULL, 0),
(90, 1, 'Nouvelle facture', 'Client: LELLA BAYA', NULL, 'ConsulterUneFacture', 'a:1:{s:2:\"id\";i:26;}', '2018-07-10 11:28:40', NULL, 0),
(91, 1, 'Nouvelle facture', 'Client: LELLA BAYA', NULL, 'ConsulterUneFacture', 'a:1:{s:2:\"id\";i:27;}', '2018-07-10 11:36:56', NULL, 0),
(92, 1, 'Nouvelle Feuille de présence', 'Client: LELLA BAYA- Intervenant: Cherif Kaouther', NULL, 'ConsulterFeuillePresence', 'a:1:{s:2:\"id\";i:115;}', '2018-07-10 11:48:36', NULL, 0),
(93, 29, 'Nouvelle Feuille de présence', 'Client: LELLA BAYA- Intervenant: Cherif Kaouther', NULL, 'ConsulterFeuillePresence', 'a:1:{s:2:\"id\";i:115;}', '2018-07-10 11:49:16', NULL, 0),
(94, 1, 'Nouveau Rapport', 'Client: LELLA BAYA- Intervenant: Cherif Kaouther', NULL, 'ConsulterRapportIntervention', 'a:1:{s:2:\"id\";i:54;}', '2018-07-10 11:50:32', NULL, 0),
(95, 1, 'Nouvelle facture', 'Client: AGOCEAN', NULL, 'ConsulterUneFacture', 'a:1:{s:2:\"id\";i:28;}', '2018-07-10 13:22:45', NULL, 0);

-- --------------------------------------------------------

--
-- Structure de la table `notification_utilisateur`
--

DROP TABLE IF EXISTS `notification_utilisateur`;
CREATE TABLE IF NOT EXISTS `notification_utilisateur` (
  `id` int(11) NOT NULL AUTO_INCREMENT,
  `vu` tinyint(1) NOT NULL,
  `Notification` int(11) DEFAULT NULL,
  `Utilisateur` int(11) DEFAULT NULL,
  PRIMARY KEY (`id`),
  KEY `IDX_C88750F2A765AD32` (`Notification`),
  KEY `IDX_C88750F29B80EC64` (`Utilisateur`)
) ENGINE=InnoDB AUTO_INCREMENT=69 DEFAULT CHARSET=utf8 COLLATE=utf8_unicode_ci;

--
-- Déchargement des données de la table `notification_utilisateur`
--

INSERT INTO `notification_utilisateur` (`id`, `vu`, `Notification`, `Utilisateur`) VALUES
(39, 1, 76, 1),
(40, 0, 77, 29),
(41, 1, 77, 1),
(42, 0, 78, 29),
(43, 1, 78, 1),
(44, 0, 79, 29),
(45, 1, 79, 1),
(46, 0, 80, 29),
(47, 0, 80, 1),
(48, 0, 81, 29),
(49, 0, 81, 1),
(50, 0, 82, 1),
(51, 0, 83, 1),
(52, 0, 84, 1),
(53, 0, 85, 1),
(54, 0, 86, 1),
(55, 0, 87, 1),
(56, 0, 88, 1),
(57, 0, 89, 1),
(58, 0, 90, 1),
(59, 0, 91, 1),
(60, 0, 91, 29),
(61, 0, 92, 29),
(62, 0, 92, 1),
(63, 0, 93, 29),
(64, 0, 93, 1),
(65, 0, 94, 29),
(66, 0, 94, 1),
(67, 0, 95, 1),
(68, 0, 95, 8);

-- --------------------------------------------------------

--
-- Structure de la table `rapport_intervention`
--

DROP TABLE IF EXISTS `rapport_intervention`;
CREATE TABLE IF NOT EXISTS `rapport_intervention` (
  `id` int(11) NOT NULL AUTO_INCREMENT,
  `TypeIntervention` varchar(255) COLLATE utf8_unicode_ci NOT NULL,
  `CompteRenduIntervention` longtext COLLATE utf8_unicode_ci NOT NULL,
  `RemarqueClient` longtext COLLATE utf8_unicode_ci,
  `ConfirmationDeInterventionParClient` tinyint(1) NOT NULL,
  `FeuilleDePresence` int(11) DEFAULT NULL,
  PRIMARY KEY (`id`),
  UNIQUE KEY `UNIQ_75EE7B388BC10663` (`FeuilleDePresence`)
) ENGINE=InnoDB AUTO_INCREMENT=55 DEFAULT CHARSET=utf8 COLLATE=utf8_unicode_ci;

--
-- Déchargement des données de la table `rapport_intervention`
--

INSERT INTO `rapport_intervention` (`id`, `TypeIntervention`, `CompteRenduIntervention`, `RemarqueClient`, `ConfirmationDeInterventionParClient`, `FeuilleDePresence`) VALUES
(50, 'Asssistance sur site', 'Rapport d\'intervention : test soutenance technique', NULL, 0, 111),
(51, 'Audit', 'Les commentaire', NULL, 0, 112),
(52, 'Formation de perfectionnement sur site', 'Test', 'Remarques clients', 0, 113),
(53, 'Intervention technique', 'Test Compte rendu', NULL, 0, 114),
(54, 'Asssistance sur site', 'Compte rendu', NULL, 0, 115);

-- --------------------------------------------------------

--
-- Structure de la table `referent`
--

DROP TABLE IF EXISTS `referent`;
CREATE TABLE IF NOT EXISTS `referent` (
  `id` int(11) NOT NULL AUTO_INCREMENT,
  `NomParticipant` varchar(100) COLLATE utf8_unicode_ci NOT NULL,
  `PrenomParticipant` varchar(100) COLLATE utf8_unicode_ci NOT NULL,
  `AdresseMailParticipant` varchar(200) COLLATE utf8_unicode_ci NOT NULL,
  `Client` int(11) DEFAULT NULL,
  `Intervention` int(11) DEFAULT NULL,
  PRIMARY KEY (`id`),
  KEY `IDX_FE9AAC6CC0E80163` (`Client`),
  KEY `IDX_FE9AAC6CC929CF53` (`Intervention`)
) ENGINE=InnoDB AUTO_INCREMENT=100 DEFAULT CHARSET=utf8 COLLATE=utf8_unicode_ci;

--
-- Déchargement des données de la table `referent`
--

INSERT INTO `referent` (`id`, `NomParticipant`, `PrenomParticipant`, `AdresseMailParticipant`, `Client`, `Intervention`) VALUES
(96, 'Letaief', 'Nawres', 'n.letaief@timsoft.com.tn', 424, 111),
(97, 'Cherif', 'Sana', 'sanacherif84@gmail.com', 424, 111),
(98, 'Cherif', 'Sana', 'sanacherif84@gmail.com', 430, 112),
(99, 'Cherif', 'Sana', 'sanacherif84@gmail.com', 583, 115);

-- --------------------------------------------------------

--
-- Structure de la table `utilisateur`
--

DROP TABLE IF EXISTS `utilisateur`;
CREATE TABLE IF NOT EXISTS `utilisateur` (
  `id` int(11) NOT NULL AUTO_INCREMENT,
  `username` varchar(180) COLLATE utf8_unicode_ci NOT NULL,
  `username_canonical` varchar(180) COLLATE utf8_unicode_ci NOT NULL,
  `email` varchar(180) COLLATE utf8_unicode_ci NOT NULL,
  `email_canonical` varchar(180) COLLATE utf8_unicode_ci NOT NULL,
  `enabled` tinyint(1) NOT NULL,
  `salt` varchar(255) COLLATE utf8_unicode_ci DEFAULT NULL,
  `password` varchar(255) COLLATE utf8_unicode_ci NOT NULL,
  `last_login` datetime DEFAULT NULL,
  `confirmation_token` varchar(180) COLLATE utf8_unicode_ci DEFAULT NULL,
  `password_requested_at` datetime DEFAULT NULL,
  `roles` longtext COLLATE utf8_unicode_ci NOT NULL COMMENT '(DC2Type:array)',
  `NomUtilisateur` varchar(255) COLLATE utf8_unicode_ci NOT NULL,
  `PrenomUtilisateur` varchar(255) COLLATE utf8_unicode_ci NOT NULL,
  `TelephoneUtilisateur` varchar(255) COLLATE utf8_unicode_ci NOT NULL,
  `Societe` int(11) DEFAULT NULL,
  `RoleUtilisateur` varchar(30) COLLATE utf8_unicode_ci NOT NULL,
  `StatutProfil` tinyint(1) NOT NULL,
  `PhotoDeProfil` varchar(255) COLLATE utf8_unicode_ci DEFAULT NULL,
  `updated_at` datetime DEFAULT NULL,
  `ConfirmationModifMail` varchar(255) COLLATE utf8_unicode_ci DEFAULT NULL,
  PRIMARY KEY (`id`),
  UNIQUE KEY `UNIQ_1D1C63B392FC23A8` (`username_canonical`),
  UNIQUE KEY `UNIQ_1D1C63B3A0D96FBF` (`email_canonical`),
  UNIQUE KEY `UNIQ_1D1C63B3C05FB297` (`confirmation_token`),
  KEY `IDX_1D1C63B3D6D80421` (`Societe`)
) ENGINE=InnoDB AUTO_INCREMENT=30 DEFAULT CHARSET=utf8 COLLATE=utf8_unicode_ci;

--
-- Déchargement des données de la table `utilisateur`
--

INSERT INTO `utilisateur` (`id`, `username`, `username_canonical`, `email`, `email_canonical`, `enabled`, `salt`, `password`, `last_login`, `confirmation_token`, `password_requested_at`, `roles`, `NomUtilisateur`, `PrenomUtilisateur`, `TelephoneUtilisateur`, `Societe`, `RoleUtilisateur`, `StatutProfil`, `PhotoDeProfil`, `updated_at`, `ConfirmationModifMail`) VALUES
(1, 'cherif.kaoutherf@gmail.com', 'cherif.kaoutherf@gmail.com', 'cherif.kaoutherf@gmail.com', 'cherif.kaoutherf@gmail.com', 1, NULL, '$2y$13$cBUfRFX8eGf0.MZeHu.I9uQSeY0B40XGHMR7WGzODSRwnJbz6e09e', '2018-07-13 13:35:42', NULL, NULL, 'a:1:{i:0;s:10:\"ROLE_ADMIN\";}', 'Cherif', 'Kaouther', '00000000', 1, 'ROLE_ADMIN', 1, '5ae6f5d799f0f_kao.jpg', '2018-04-30 10:54:15', NULL),
(8, 'cherifkaouther2018@gmail.com', 'cherifkaouther2018@gmail.com', 'cherifkaouther2018@gmail.com', 'cherifkaouther2018@gmail.com', 1, NULL, '$2y$13$9PeGm8PgmmPaQn7fSglSm.KJpXAYl/iP4oTlox6ZySEoZRpa5QIqW', '2018-05-17 20:06:43', NULL, NULL, 'a:1:{i:0;s:15:\"ROLE_CONSULTANT\";}', 'Dridi', 'Fatma', '71000000', 418, 'ROLE_CONSULTANT', 1, '5afde1baf00e8_5ae85c8a2c078_carte-de-visite-petite-entreprise7_580_380.jpg', '2018-05-17 20:10:34', NULL),
(23, 'cherif_kaoutherf@yahoo.fr', 'cherif_kaoutherf@yahoo.fr', 'cherif_kaoutherf@yahoo.fr', 'cherif_kaoutherf@yahoo.fr', 1, NULL, '$2y$13$9PeGm8PgmmPaQn7fSglSm.KJpXAYl/iP4oTlox6ZySEoZRpa5QIqW', '2018-07-09 16:10:35', NULL, NULL, 'a:1:{i:0;s:11:\"ROLE_CLIENT\";}', 'Cherif', 'Med Nour', '23441787', 426, 'ROLE_CLIENT', 1, '5ada03db0a1bd_nour.jpg', '2018-04-20 15:14:35', NULL),
(24, 'k.cherif@timsoft.com.tn', 'k.cherif@timsoft.com.tn', 'k.cherif@timsoft.com.tn', 'k.cherif@timsoft.com.tn', 1, NULL, '$2y$13$O0Aiq.cmdgnQx3yDFIUZveaMXURHOvOSxQ6JQsZQppMCrdL8CxrV.', '2018-05-17 21:01:41', NULL, NULL, 'a:1:{i:0;s:17:\"ROLE_GESTIONNAIRE\";}', 'Mohamed', 'Ben Mohamed', '55555555', 416, 'ROLE_GESTIONNAIRE', 1, NULL, NULL, NULL),
(27, 'm.bensalah@timsoft.com.tn', 'm.bensalah@timsoft.com.tn', 'm.bensalah@timsoft.com.tn', 'm.bensalah@timsoft.com.tn', 0, NULL, '$2y$13$zaslU44Ev1KaBP9Lc0f/ieyvhLZtIEFz2ySl/1qKjsjcoukR81/De', '2018-07-09 15:06:45', NULL, NULL, 'a:1:{i:0;s:17:\"ROLE_GESTIONNAIRE\";}', 'Ben Salah', 'Aymen', '53476165', 1, 'ROLE_GESTIONNAIRE', 1, '5b438783390e1_téléchargement.jpg', '2018-07-09 16:04:19', 'f55ecb493b3854fdd95f818c203e43b8'),
(29, 'sanacherif84@gmail.com', 'sanacherif84@gmail.com', 'sanacherif84@gmail.com', 'sanacherif84@gmail.com', 1, NULL, '$2y$13$VuyTtDAytwLwyn1Ooacz9uA8KE/6x5sUx3NpBpqJHP0w8ZdFDF6tm', '2018-07-10 10:16:32', NULL, NULL, 'a:1:{i:0;s:11:\"ROLE_CLIENT\";}', 'Cherif', 'Sana', '55555198', 583, 'ROLE_CLIENT', 1, NULL, NULL, NULL);

--
-- Contraintes pour les tables déchargées
--

--
-- Contraintes pour la table `client`
--
ALTER TABLE `client`
  ADD CONSTRAINT `FK_C7440455FC18498D` FOREIGN KEY (`societe_mere_id`) REFERENCES `client` (`id`);

--
-- Contraintes pour la table `droit_acces_groupe`
--
ALTER TABLE `droit_acces_groupe`
  ADD CONSTRAINT `FK_71F261EDABB8855` FOREIGN KEY (`Droit`) REFERENCES `droit_acces` (`id`);

--
-- Contraintes pour la table `droit_acces_personne`
--
ALTER TABLE `droit_acces_personne`
  ADD CONSTRAINT `FK_B63ABA239B80EC64` FOREIGN KEY (`Utilisateur`) REFERENCES `utilisateur` (`id`),
  ADD CONSTRAINT `FK_B63ABA23ABB8855` FOREIGN KEY (`Droit`) REFERENCES `droit_acces` (`id`);

--
-- Contraintes pour la table `facture`
--
ALTER TABLE `facture`
  ADD CONSTRAINT `FK_FE866410D6D80421` FOREIGN KEY (`Societe`) REFERENCES `client` (`id`) ON DELETE CASCADE;

--
-- Contraintes pour la table `feuille_de_presence`
--
ALTER TABLE `feuille_de_presence`
  ADD CONSTRAINT `FK_D1E4B287C0E80163` FOREIGN KEY (`Client`) REFERENCES `client` (`id`) ON DELETE CASCADE,
  ADD CONSTRAINT `FK_D1E4B287F54C9B8B` FOREIGN KEY (`Intervenant`) REFERENCES `utilisateur` (`id`) ON DELETE CASCADE;

--
-- Contraintes pour la table `fichier_join`
--
ALTER TABLE `fichier_join`
  ADD CONSTRAINT `FK_A9EE103C96BBF5DF` FOREIGN KEY (`RapportIntervention`) REFERENCES `rapport_intervention` (`id`) ON DELETE CASCADE;

--
-- Contraintes pour la table `notification`
--
ALTER TABLE `notification`
  ADD CONSTRAINT `FK_BF5476CAD4CE82D0` FOREIGN KEY (`Responsable`) REFERENCES `utilisateur` (`id`) ON DELETE CASCADE;

--
-- Contraintes pour la table `notification_utilisateur`
--
ALTER TABLE `notification_utilisateur`
  ADD CONSTRAINT `FK_C88750F29B80EC64` FOREIGN KEY (`Utilisateur`) REFERENCES `utilisateur` (`id`) ON DELETE CASCADE,
  ADD CONSTRAINT `FK_C88750F2A765AD32` FOREIGN KEY (`Notification`) REFERENCES `notification` (`id`) ON DELETE CASCADE;

--
-- Contraintes pour la table `rapport_intervention`
--
ALTER TABLE `rapport_intervention`
  ADD CONSTRAINT `FK_75EE7B388BC10663` FOREIGN KEY (`FeuilleDePresence`) REFERENCES `feuille_de_presence` (`id`) ON DELETE CASCADE;

--
-- Contraintes pour la table `referent`
--
ALTER TABLE `referent`
  ADD CONSTRAINT `FK_FE9AAC6CC0E80163` FOREIGN KEY (`Client`) REFERENCES `client` (`id`),
  ADD CONSTRAINT `FK_FE9AAC6CC929CF53` FOREIGN KEY (`Intervention`) REFERENCES `feuille_de_presence` (`id`) ON DELETE CASCADE;

--
-- Contraintes pour la table `utilisateur`
--
ALTER TABLE `utilisateur`
  ADD CONSTRAINT `FK_1D1C63B3D6D80421` FOREIGN KEY (`Societe`) REFERENCES `client` (`id`) ON DELETE CASCADE;
COMMIT;

/*!40101 SET CHARACTER_SET_CLIENT=@OLD_CHARACTER_SET_CLIENT */;
/*!40101 SET CHARACTER_SET_RESULTS=@OLD_CHARACTER_SET_RESULTS */;
/*!40101 SET COLLATION_CONNECTION=@OLD_COLLATION_CONNECTION */;
